,Href,Title,Latitude,Longitude
0,#bodyContent,,,
1,/wiki/Main_Page,Visit the main page [z],,
2,/wiki/Wikipedia:Contents,Guides to browsing Wikipedia,,
3,/wiki/Portal:Current_events,Articles related to current events,,
4,/wiki/Special:Random,Visit a randomly selected article [x],,
5,/wiki/Wikipedia:About,Learn about Wikipedia and how it works,,
6,//en.wikipedia.org/wiki/Wikipedia:Contact_us,How to contact Wikipedia,,
7,https://donate.wikimedia.org/wiki/Special:FundraiserRedirector?utm_source=donate&utm_medium=sidebar&utm_campaign=C13_en.wikipedia.org&uselang=en,Support us by donating to the Wikimedia Foundation,,
8,/wiki/Help:Contents,Guidance on how to use and edit Wikipedia,,
9,/wiki/Help:Introduction,Learn how to edit Wikipedia,,
10,/wiki/Wikipedia:Community_portal,The hub for editors,,
11,/wiki/Special:RecentChanges,A list of recent changes to Wikipedia [r],,
12,/wiki/Wikipedia:File_upload_wizard,Add images or other media for use on Wikipedia,,
13,/wiki/Main_Page,,,
14,/wiki/Special:Search,Search Wikipedia [f],,
15,/w/index.php?title=Special:CreateAccount&returnto=List+of+Shinto+shrines+in+Japan,"You are encouraged to create an account and log in; however, it is not mandatory",,
16,/w/index.php?title=Special:UserLogin&returnto=List+of+Shinto+shrines+in+Japan,"You're encouraged to log in; however, it's not mandatory. [o]",,
17,/w/index.php?title=Special:CreateAccount&returnto=List+of+Shinto+shrines+in+Japan,"You are encouraged to create an account and log in; however, it is not mandatory",,
18,/w/index.php?title=Special:UserLogin&returnto=List+of+Shinto+shrines+in+Japan,"You're encouraged to log in; however, it's not mandatory. [o]",,
19,/wiki/Help:Introduction,,,
20,/wiki/Special:MyContributions,A list of edits made from this IP address [y],,
21,/wiki/Special:MyTalk,Discussion about edits from this IP address [n],,
22,#,,,
23,#Hokkaidō_and_Tōhoku,,,
24,#Hokkaidō,,,
25,#Aomori,,,
26,#Iwate,,,
27,#Miyagi,,,
28,#Akita,,,
29,#Yamagata,,,
30,#Fukushima,,,
31,#Kantō,,,
32,#Tochigi,,,
33,#Ibaraki,,,
34,#Gunma,,,
35,#Saitama,,,
36,#Chiba,,,
37,#Tokyo,,,
38,#Kanagawa,,,
39,#Shin'etsu_and_Hokuriku,,,
40,#Niigata,,,
41,#Toyama,,,
42,#Ishikawa,,,
43,#Fukui,,,
44,#Tōkai,,,
45,#Yamanashi,,,
46,#Nagano,,,
47,#Gifu,,,
48,#Shizuoka,,,
49,#Aichi,,,
50,#Kinki,,,
51,#Mie,,,
52,#Shiga,,,
53,#Kyoto,,,
54,#Osaka,,,
55,#Hyōgo,,,
56,#Nara,,,
57,#Wakayama,,,
58,#Chūgoku,,,
59,#Tottori,,,
60,#Shimane,,,
61,#Okayama,,,
62,#Hiroshima,,,
63,#Yamaguchi,,,
64,#Shikoku,,,
65,#Tokushima,,,
66,#Kagawa,,,
67,#Ehime,,,
68,#Kōchi,,,
69,#Kyūshū_and_Okinawa,,,
70,#Fukuoka,,,
71,#Saga,,,
72,#Nagasaki,,,
73,#Kumamoto,,,
74,#Ōita,,,
75,#Miyazaki,,,
76,#Kagoshima,,,
77,#Okinawa,,,
78,#See_also,,,
79,#Citations,,,
80,#General_references,,,
81,https://es.wikipedia.org/wiki/Anexo:Santuarios_sinto%C3%ADstas,Anexo:Santuarios sintoístas – Spanish,,
82,https://it.wikipedia.org/wiki/Lista_di_santuari_shintoisti,Lista di santuari shintoisti – Italian,,
83,https://ja.wikipedia.org/wiki/%E7%A5%9E%E7%A4%BE%E4%B8%80%E8%A6%A7,神社一覧 – Japanese,,
84,https://simple.wikipedia.org/wiki/List_of_Shinto_shrines_in_Japan,List of Shinto shrines in Japan – Simple English,,
85,https://www.wikidata.org/wiki/Special:EntityPage/Q2517815#sitelinks-wikipedia,Edit interlanguage links,,
86,/wiki/List_of_Shinto_shrines_in_Japan,View the content page [c],,
87,/wiki/Talk:List_of_Shinto_shrines_in_Japan,Discuss improvements to the content page [t],,
88,/wiki/List_of_Shinto_shrines_in_Japan,,,
89,/w/index.php?title=List_of_Shinto_shrines_in_Japan&action=edit,Edit this page [e],,
90,/w/index.php?title=List_of_Shinto_shrines_in_Japan&action=history,Past revisions of this page [h],,
91,/wiki/List_of_Shinto_shrines_in_Japan,,,
92,/w/index.php?title=List_of_Shinto_shrines_in_Japan&action=edit,Edit this page [e],,
93,/w/index.php?title=List_of_Shinto_shrines_in_Japan&action=history,,,
94,/wiki/Special:WhatLinksHere/List_of_Shinto_shrines_in_Japan,List of all English Wikipedia pages containing links to this page [j],,
95,/wiki/Special:RecentChangesLinked/List_of_Shinto_shrines_in_Japan,Recent changes in pages linked from this page [k],,
96,/wiki/Wikipedia:File_Upload_Wizard,Upload files [u],,
97,/wiki/Special:SpecialPages,A list of all special pages [q],,
98,/w/index.php?title=List_of_Shinto_shrines_in_Japan&oldid=1193827870,Permanent link to this revision of this page,,
99,/w/index.php?title=List_of_Shinto_shrines_in_Japan&action=info,More information about this page,,
100,/w/index.php?title=Special:CiteThisPage&page=List_of_Shinto_shrines_in_Japan&id=1193827870&wpFormIdentifier=titleform,Information on how to cite this page,,
101,/w/index.php?title=Special:UrlShortener&url=https%3A%2F%2Fen.wikipedia.org%2Fwiki%2FList_of_Shinto_shrines_in_Japan,,,
102,https://www.wikidata.org/wiki/Special:EntityPage/Q2517815,Structured data on this page hosted by Wikidata [g],,
103,/w/index.php?title=Special:DownloadAsPdf&page=List_of_Shinto_shrines_in_Japan&action=show-download-screen,Download this page as a PDF file,,
104,/w/index.php?title=List_of_Shinto_shrines_in_Japan&printable=yes,Printable version of this page [p],,
105,https://commons.wikimedia.org/wiki/Category:Shinto_shrines,,,
106,/wiki/Category:Shinto,Category:Shinto,,
107,/wiki/Shinto,Shinto,,
108,/wiki/File:Shinto_torii_vermillion.svg,Shinto,,
109,/wiki/Kami,Kami,,
110,/wiki/List_of_Japanese_deities,List of Japanese deities,,
111,/wiki/Polytheism,Polytheism,,
112,/wiki/Animism,Animism,,
113,/wiki/Animatism,Animatism,,
114,/wiki/Japanese_mythology,Japanese mythology,,
115,/wiki/List_of_sacred_objects_in_Japanese_mythology,List of sacred objects in Japanese mythology,,
116,/wiki/Shinto_sects_and_schools,Shinto sects and schools,,
117,/wiki/List_of_Japanese_deities#Shinto,List of Japanese deities,,
118,/wiki/Amaterasu,Amaterasu,,
119,/wiki/Sarutahiko_%C5%8Ckami,Sarutahiko Ōkami,,
120,/wiki/Ame-no-Uzume,Ame-no-Uzume,,
121,/wiki/Inari_%C5%8Ckami,Inari Ōkami,,
122,/wiki/Izanagi,Izanagi,,
123,/wiki/Izanami,Izanami,,
124,/wiki/Susanoo-no-Mikoto,Susanoo-no-Mikoto,,
125,/wiki/Tsukuyomi-no-Mikoto,Tsukuyomi-no-Mikoto,,
126,/wiki/Shinto_texts,Shinto texts,,
127,/wiki/Kojiki,Kojiki,,
128,/wiki/Nihon_Shoki,Nihon Shoki,,
129,/wiki/Fudoki,Fudoki,,
130,/wiki/Shoku_Nihongi,Shoku Nihongi,,
131,/wiki/Kogo_Sh%C5%ABi,Kogo Shūi,,
132,/wiki/Kujiki,Kujiki,,
133,/wiki/Engishiki,Engishiki,,
134,/wiki/Shinto_shrine,Shinto shrine,,
135,/wiki/List_of_Shinto_shrines,List of Shinto shrines,,
136,/wiki/Ichinomiya,Ichinomiya,,
137,/wiki/Twenty-Two_Shrines,Twenty-Two Shrines,,
138,/wiki/Modern_system_of_ranked_Shinto_shrines,Modern system of ranked Shinto shrines,,
139,/wiki/Association_of_Shinto_Shrines,Association of Shinto Shrines,,
140,/wiki/Shinto_architecture,Shinto architecture,,
141,/wiki/Japanese_festivals,Japanese festivals,,
142,/wiki/Kagura,Kagura,,
143,/wiki/Shinto_music,Shinto music,,
144,/wiki/Misogi,Misogi,,
145,/wiki/Norito,Norito,,
146,/wiki/Kannushi,Kannushi,,
147,/wiki/Miko,Miko,,
148,/wiki/Category:Shinto,Category:Shinto,,
149,/wiki/Religion_in_Japan,Religion in Japan,,
150,/wiki/Glossary_of_Shinto,Glossary of Shinto,,
151,/wiki/Shinbutsu-sh%C5%ABg%C5%8D,Shinbutsu-shūgō,,
152,/wiki/Edo_neo-Confucianism,Edo neo-Confucianism,,
153,/wiki/Ko-Shint%C5%8D,Ko-Shintō,,
154,/wiki/State_Shinto,State Shinto,,
155,/wiki/Kokugaku,Kokugaku,,
156,/wiki/Nippon_Kaigi,Nippon Kaigi,,
157,/wiki/List_of_legendary_creatures_from_Japan,List of legendary creatures from Japan,,
158,/wiki/History_of_Shinto,History of Shinto,,
159,/wiki/Secular_Shrine_Theory,Secular Shrine Theory,,
160,/wiki/File:P_religion_world.svg,,,
161,/wiki/Portal:Religion,Portal:Religion,,
162,/wiki/Template:Shinto,Template:Shinto,,
163,/wiki/Template_talk:Shinto,Template talk:Shinto,,
164,/wiki/Special:EditPage/Template:Shinto,Special:EditPage/Template:Shinto,,
165,/wiki/Shinto_shrine,Shinto shrine,,
166,/wiki/Japan,Japan,,
167,/wiki/Japan,Japan,,
168,/wiki/National_Treasures_of_Japan,National Treasures of Japan,,
169,/wiki/List_of_National_Treasures_of_Japan_(shrines),List of National Treasures of Japan (shrines),,
170,#See_also,,,
171,/wiki/Beppyo_shrine,Beppyo shrine,,
172,/wiki/S%C5%8Dja_shrine,Sōja shrine,,
173,/wiki/Ichinomiya,Ichinomiya,,
174,/w/index.php?title=List_of_Shinto_shrines_in_Japan&action=edit&section=1,Edit section: Hokkaidō and Tōhoku,,
175,/w/index.php?title=List_of_Shinto_shrines_in_Japan&action=edit&section=2,Edit section: Hokkaidō,,
176,/wiki/Asahikawa_Shrine,Asahikawa Shrine,,
177,/wiki/Ebetsu_shrine,Ebetsu shrine,,
178,/wiki/Hakodate_Hachimang%C5%AB,Hakodate Hachimangū,,
179,/wiki/Hokkaid%C5%8D_Gokoku_Shrine,Hokkaidō Gokoku Shrine,,
180,/wiki/Hokkaid%C5%8D_Shrine,Hokkaidō Shrine,,
181,/wiki/Hokkaid%C5%8D_T%C5%8Dsh%C5%8D-g%C5%AB,Hokkaidō Tōshō-gū,,
182,/wiki/Hokumon_Shrine,Hokumon Shrine,,
183,/wiki/Itsukushima_shrine_(Kushiro),Itsukushima shrine (Kushiro),,
184,/wiki/Iwamizawa_Shrine,Iwamizawa Shrine,,
185,/wiki/Kamikawa_Shrine,Kamikawa Shrine,,
186,/wiki/Nishino_Shrine,Nishino Shrine,,
187,/wiki/Obihiro_Shrine,Obihiro Shrine,,
188,/wiki/%C5%8Cta_Jinja_(Setana),Ōta Jinja (Setana),,
189,/wiki/Sapporo_Hachimang%C5%AB,Sapporo Hachimangū,,
190,/wiki/Shiraoi_Hachiman_Shrine,Shiraoi Hachiman Shrine,,
191,/wiki/Sumiyoshi_Shrine_(Hokkaid%C5%8D),Sumiyoshi Shrine (Hokkaidō),,
192,/wiki/Tarumaezan_Shrine,Tarumaezan Shrine,,
193,/wiki/Ubagami_Daijing%C5%AB,Ubagami Daijingū,,
194,/w/index.php?title=List_of_Shinto_shrines_in_Japan&action=edit&section=3,Edit section: Aomori,,
195,/wiki/Hirosaki_T%C5%8Dsh%C5%8D-g%C5%AB,Hirosaki Tōshō-gū,,
196,/wiki/Iwakiyama_Shrine,Iwakiyama Shrine,,
197,/wiki/Kabushima_Shrine,Kabushima Shrine,,
198,/wiki/Kushihiki_Hachimang%C5%AB,Kushihiki Hachimangū,,
199,/wiki/Saruka_Shrine,Saruka Shrine,,
200,/wiki/Takayama_Inari_Shrine,Takayama Inari Shrine,,
201,/wiki/Uramachi_Shinmeig%C5%AB,Uramachi Shinmeigū,,
202,/w/index.php?title=Utou_Shrine&action=edit&redlink=1,Utou Shrine (page does not exist),,
203,https://ja.wikipedia.org/wiki/%E5%96%84%E7%9F%A5%E9%B3%A5%E7%A5%9E%E7%A4%BE,ja:善知鳥神社,,
204,/w/index.php?title=List_of_Shinto_shrines_in_Japan&action=edit&section=4,Edit section: Iwate,,
205,/wiki/Komagata_Shrine,Komagata Shrine,,
206,/w/index.php?title=Kotohira_Shrine_(Kuji_City)&action=edit&redlink=1,Kotohira Shrine (Kuji City) (page does not exist),,
207,https://ja.wikipedia.org/wiki/%E9%87%91%E5%88%80%E6%AF%94%E7%BE%85%E7%A5%9E%E7%A4%BE_(%E4%B9%85%E6%85%88%E5%B8%82),ja:金刀比羅神社 (久慈市),,
208,/wiki/Morioka_Hachiman_Shrine,Morioka Hachiman Shrine,,
209,/w/index.php?title=Shiwa_Inari_Shrine&action=edit&redlink=1,Shiwa Inari Shrine (page does not exist),,
210,https://ja.wikipedia.org/wiki/%E5%BF%97%E5%92%8C%E7%A8%B2%E8%8D%B7%E7%A5%9E%E7%A4%BE,ja:志和稲荷神社,,
211,/w/index.php?title=List_of_Shinto_shrines_in_Japan&action=edit&section=5,Edit section: Miyagi,,
212,/wiki/Aoba_Shrine,Aoba Shrine,,
213,/w/index.php?title=Aoso_Shrine&action=edit&redlink=1,Aoso Shrine (page does not exist),,
214,https://ja.wikipedia.org/wiki/%E9%9D%92%E9%BA%BB%E7%A5%9E%E7%A4%BE,ja:青麻神社,,
215,/wiki/Atago_Shrine_(Sendai),Atago Shrine (Sendai),,
216,/wiki/Futahashira_Shrine,Futahashira Shrine,,
217,/w/index.php?title=Hayama_Shrine&action=edit&redlink=1,Hayama Shrine (page does not exist),,
218,https://ja.wikipedia.org/wiki/%E6%97%A9%E9%A6%AC%E7%A5%9E%E7%A4%BE,ja:早馬神社,,
219,/wiki/Kameoka_Hachimang%C5%AB,Kameoka Hachimangū,,
220,/w/index.php?title=Kashima_Miko_Shrine&action=edit&redlink=1,Kashima Miko Shrine (page does not exist),,
221,https://ja.wikipedia.org/wiki/%E9%B9%BF%E5%B3%B6%E5%BE%A1%E5%85%90%E7%A5%9E%E7%A4%BE,ja:鹿島御児神社,,
222,/w/index.php?title=Kamo_Shrine_(Sendai_City)&action=edit&redlink=1,Kamo Shrine (Sendai City) (page does not exist),,
223,https://ja.wikipedia.org/wiki/%E8%B3%80%E8%8C%82%E7%A5%9E%E7%A4%BE_(%E4%BB%99%E5%8F%B0%E5%B8%82),ja:賀茂神社 (仙台市),,
224,/w/index.php?title=Kinkasan_Shrine&action=edit&redlink=1,Kinkasan Shrine (page does not exist),,
225,https://ja.wikipedia.org/wiki/%E9%BB%84%E9%87%91%E5%B1%B1%E7%A5%9E%E7%A4%BE_(%E7%9F%B3%E5%B7%BB%E5%B8%82),ja:黄金山神社 (石巻市),,
226,/wiki/Koganeyama_Shrine,Koganeyama Shrine,,
227,/wiki/Kumano_Shrine,Kumano Shrine,,
228,/wiki/Miyagi_Gokoku_Shrine,Miyagi Gokoku Shrine,,
229,/w/index.php?title=Mutsu_S%C5%8Dsha-no-miya&action=edit&redlink=1,Mutsu Sōsha-no-miya (page does not exist),,
230,https://ja.wikipedia.org/wiki/%E9%99%B8%E5%A5%A5%E7%B7%8F%E7%A4%BE%E5%AE%AE,ja:陸奥総社宮,,
231,/wiki/%C5%8Csaki_Hachimang%C5%AB,Ōsaki Hachimangū,,
232,/wiki/Sendai_T%C5%8Dsh%C5%8D-g%C5%AB,Sendai Tōshō-gū,,
233,/wiki/Shiogama_Shrine,Shiogama Shrine,,
234,/wiki/Shirahige_Shrine,Shirahige Shrine,,
235,/w/index.php?title=Sumiyoshi_Shrine_(Miyagi)&action=edit&redlink=1,Sumiyoshi Shrine (Miyagi) (page does not exist),,
236,https://ja.wikipedia.org/wiki/%E4%BD%8F%E5%90%89%E7%A5%9E%E7%A4%BE_(%E8%A7%92%E7%94%B0%E5%B8%82),ja:住吉神社 (角田市),,
237,/wiki/Takekoma_Inari_Shrine,Takekoma Inari Shrine,,
238,/wiki/Tsubonuma_Hachiman_Shrine,Tsubonuma Hachiman Shrine,,
239,/wiki/Zuih%C5%8Dden,Zuihōden,,
240,/w/index.php?title=List_of_Shinto_shrines_in_Japan&action=edit&section=6,Edit section: Akita,,
241,/wiki/Koshi%C5%8D_Shrine,Koshiō Shrine,,
242,/wiki/Kumano_Shrine,Kumano Shrine,,
243,/wiki/Sanko_Shrine,Sanko Shrine,,
244,/wiki/Tsuchizaki_Shinmeisha,Tsuchizaki Shinmeisha,,
245,https://ja.wikipedia.org/wiki/%E5%9C%9F%E5%B4%8E%E7%A5%9E%E6%98%8E%E7%A4%BE,ja:土崎神明社,,
246,/w/index.php?title=Taiheiyama_Miyoshi_Shrine&action=edit&redlink=1,Taiheiyama Miyoshi Shrine (page does not exist),,
247,https://ja.wikipedia.org/wiki/%E5%A4%AA%E5%B9%B3%E5%B1%B1%E4%B8%89%E5%90%89%E7%A5%9E%E7%A4%BE,ja:太平山三吉神社,,
248,/w/index.php?title=Akita_Suwa_Shrine&action=edit&redlink=1,Akita Suwa Shrine (page does not exist),,
249,https://ja.wikipedia.org/wiki/%E7%A7%8B%E7%94%B0%E8%AB%8F%E8%A8%AA%E5%AE%AE,ja:秋田諏訪宮,,
250,/w/index.php?title=Akita_Prefecture_Gokoku_Shrine&action=edit&redlink=1,Akita Prefecture Gokoku Shrine (page does not exist),,
251,https://ja.wikipedia.org/wiki/%E7%A7%8B%E7%94%B0%E7%9C%8C%E8%AD%B7%E5%9B%BD%E7%A5%9E%E7%A4%BE,ja:秋田県護国神社,,
252,/w/index.php?title=List_of_Shinto_shrines_in_Japan&action=edit&section=7,Edit section: Yamagata,,
253,/wiki/Ch%C5%8Dkaisan_%C5%8Cmonoimi_Shrine,Chōkaisan Ōmonoimi Shrine,,
254,/wiki/Three_Mountains_of_Dewa,Three Mountains of Dewa,,
255,/wiki/Gassan_Shrine,Gassan Shrine,,
256,/wiki/Yudonosan_Shrine,Yudonosan Shrine,,
257,/wiki/Dewa_Shrine,Dewa Shrine,,
258,/wiki/Haguro_Shrine_(Yonezawa),Haguro Shrine (Yonezawa),,
259,/wiki/Kinp%C5%8D_Shrine,Kinpō Shrine,,
260,/wiki/Kumanotaisha_Shrine_(Yamagata),Kumanotaisha Shrine (Yamagata),,
261,/wiki/Saikan,Saikan,,
262,/wiki/Torigoe_Hachiman_Shrine,Torigoe Hachiman Shrine,,
263,/wiki/Tsukioka_Shrine,Tsukioka Shrine,,
264,/wiki/Uesugi_Shrine,Uesugi Shrine,,
265,/w/index.php?title=Yamagata_Prefecture_Gokoku_Shrine&action=edit&redlink=1,Yamagata Prefecture Gokoku Shrine (page does not exist),,
266,https://ja.wikipedia.org/wiki/%E8%AD%B7%E5%9B%BD%E7%A5%9E%E7%A4%BE,ja:護国神社,,
267,/w/index.php?title=Ayukai_Hachimangu&action=edit&redlink=1,Ayukai Hachimangu (page does not exist),,
268,https://ja.wikipedia.org/wiki/%E9%AE%8E%E8%B2%9D%E5%85%AB%E5%B9%A1%E5%AE%AE,ja:鮎貝八幡宮,,
269,/w/index.php?title=Yachi_Hachimangu&action=edit&redlink=1,Yachi Hachimangu (page does not exist),,
270,https://ja.wikipedia.org/wiki/%E8%B0%B7%E5%9C%B0%E5%85%AB%E5%B9%A1%E5%AE%AE,ja:谷地八幡宮,,
271,/w/index.php?title=Ch%C5%8Dkai_gassan_ry%C5%8Dsho-gu&action=edit&redlink=1,Chōkai gassan ryōsho-gu (page does not exist),,
272,https://ja.wikipedia.org/wiki/%E9%B3%A5%E6%B5%B7%E6%9C%88%E5%B1%B1%E4%B8%A1%E6%89%80%E5%AE%AE,ja:鳥海月山両所宮,,
273,/w/index.php?title=Sagae_Hachimangu&action=edit&redlink=1,Sagae Hachimangu (page does not exist),,
274,https://ja.wikipedia.org/wiki/%E5%AF%92%E6%B2%B3%E6%B1%9F%E5%85%AB%E5%B9%A1%E5%AE%AE,ja:寒河江八幡宮,,
275,/w/index.php?title=Hokutan_Shrine&action=edit&redlink=1,Hokutan Shrine (page does not exist),,
276,https://ja.wikipedia.org/wiki/%E5%8C%97%E8%88%98%E7%A5%9E%E7%A4%BE,ja:北舘神社,,
277,/w/index.php?title=Rokusho_Shrine_(Tsuruoka)&action=edit&redlink=1,Rokusho Shrine (Tsuruoka) (page does not exist),,
278,https://ja.wikipedia.org/wiki/%E5%85%AD%E6%89%80%E7%A5%9E%E7%A4%BE_(%E9%B6%B4%E5%B2%A1%E5%B8%82),ja:六所神社 (鶴岡市),,
279,/w/index.php?title=List_of_Shinto_shrines_in_Japan&action=edit&section=8,Edit section: Fukushima,,
280,/w/index.php?title=Chinju_Hachiman_Shrine&action=edit&redlink=1,Chinju Hachiman Shrine (page does not exist),,
281,https://ja.wikipedia.org/wiki/%E9%8E%AE%E5%AE%88%E5%BA%9C%E5%85%AB%E5%B9%A1%E5%AE%AE,ja:鎮守府八幡宮,,
282,/w/index.php?title=Fukushima_Gokoku_Shrine&action=edit&redlink=1,Fukushima Gokoku Shrine (page does not exist),,
283,https://ja.wikipedia.org/wiki/%E7%A6%8F%E5%B3%B6%E7%B8%A3%E8%AD%B7%E5%9C%8B%E7%A5%9E%E7%A4%BE,ja:福島縣護國神社,,
284,/wiki/Iino_Hachimang%C5%AB,Iino Hachimangū,,
285,/wiki/Isasumi_Shrine,Isasumi Shrine,,
286,/w/index.php?title=Kashima_Shrine_(Fukushima)&action=edit&redlink=1,Kashima Shrine (Fukushima) (page does not exist),,
287,https://ja.wikipedia.org/wiki/%E9%B9%BF%E5%B3%B6%E5%A4%A7%E7%A5%9E%E5%AE%AE_(%E9%83%A1%E5%B1%B1%E5%B8%82),ja:鹿島大神宮 (郡山市),,
288,/w/index.php?title=Kogaikuni_Shrine&action=edit&redlink=1,Kogaikuni Shrine (page does not exist),,
289,https://ja.wikipedia.org/wiki/%E8%A0%B6%E9%A4%8A%E5%9C%8B%E7%A5%9E%E7%A4%BE,ja:蠶養國神社,,
290,/wiki/Okaburaya_Shrine,Okaburaya Shrine,,
291,/wiki/Ry%C5%8Dzen_Shrine,Ryōzen Shrine,,
292,/w/index.php?title=Sumiyoshi_Shrine_(Fukushima)&action=edit&redlink=1,Sumiyoshi Shrine (Fukushima) (page does not exist),,
293,https://ja.wikipedia.org/wiki/%E4%BD%8F%E5%90%89%E7%A5%9E%E7%A4%BE_(%E3%81%84%E3%82%8F%E3%81%8D%E5%B8%82),ja:住吉神社 (いわき市),,
294,/wiki/Tsutsukowake_Shrine,Tsutsukowake Shrine,,
295,/w/index.php?title=List_of_Shinto_shrines_in_Japan&action=edit&section=9,Edit section: Kantō,,
296,/w/index.php?title=List_of_Shinto_shrines_in_Japan&action=edit&section=10,Edit section: Tochigi,,
297,/wiki/Futarasan_Shrine,Futarasan Shrine,,
298,"/wiki/Hoshinomiya_Shrine_(Sano,_Tochigi)","Hoshinomiya Shrine (Sano, Tochigi)",,
299,/wiki/Karasawayama_Shrine,Karasawayama Shrine,,
300,/wiki/Nikk%C5%8D_T%C5%8Dsh%C5%8D-g%C5%AB,Nikkō Tōshō-gū,,
301,/wiki/Utsunomiya_Futarayama_Shrine,Utsunomiya Futarayama Shrine,,
302,/w/index.php?title=%C5%8Cmiwa_Shrine_(Shimotsuke)&action=edit&redlink=1,Ōmiwa Shrine (Shimotsuke) (page does not exist),,
303,https://ja.wikipedia.org/wiki/%E5%A4%A7%E7%A5%9E%E7%A5%9E%E7%A4%BE_(%E6%A0%83%E6%9C%A8%E5%B8%82),ja:大神神社 (栃木市),,
304,/w/index.php?title=List_of_Shinto_shrines_in_Japan&action=edit&section=11,Edit section: Ibaraki,,
305,/w/index.php?title=Ibaraki_Prefectural_Gokoku_Shrine&action=edit&redlink=1,Ibaraki Prefectural Gokoku Shrine (page does not exist),,
306,https://ja.wikipedia.org/wiki/%E8%8C%A8%E5%9F%8E%E7%9C%8C%E8%AD%B7%E5%9B%BD%E7%A5%9E%E7%A4%BE,ja:茨城県護国神社,,
307,/wiki/Hitachi-no-Kuni_S%C5%8Dshag%C5%AB,Hitachi-no-Kuni Sōshagū,,
308,/wiki/Kasama_Inari_Shrine,Kasama Inari Shrine,,
309,/wiki/Kashima_Jingu,Kashima Jingu,,
310,/wiki/Oarai_Isosaki_Shrine,Oarai Isosaki Shrine,,
311,/wiki/Sakatsura_Isosaki_Shrine,Sakatsura Isosaki Shrine,,
312,/wiki/Tokiwa_Shrine,Tokiwa Shrine,,
313,/wiki/Tsukubasan_Shrine,Tsukubasan Shrine,,
314,/wiki/Mito_T%C5%8Dsh%C5%8D-g%C5%AB,Mito Tōshō-gū,,
315,/w/index.php?title=Osugi_Shrine&action=edit&redlink=1,Osugi Shrine (page does not exist),,
316,https://ja.wikipedia.org/wiki/%E5%A4%A7%E6%9D%89%E7%A5%9E%E7%A4%BE,ja:大杉神社,,
317,/w/index.php?title=List_of_Shinto_shrines_in_Japan&action=edit&section=12,Edit section: Gunma,,
318,/w/index.php?title=Agatsuma_Shrine&action=edit&redlink=1,Agatsuma Shrine (page does not exist),,
319,https://ja.wikipedia.org/wiki/%E5%90%BE%E5%A6%BB%E7%A5%9E%E7%A4%BE_(%E4%B8%AD%E4%B9%8B%E6%9D%A1%E7%94%BA),ja:吾妻神社 (中之条町),,
320,/w/index.php?title=Gunma_Gokoku_Shrine&action=edit&redlink=1,Gunma Gokoku Shrine (page does not exist),,
321,https://ja.wikipedia.org/wiki/%E7%BE%A4%E9%A6%AC%E7%B8%A3%E8%AD%B7%E5%9C%8B%E7%A5%9E%E7%A4%BE,ja:群馬縣護國神社,,
322,/wiki/Haruna_Shrine,Haruna Shrine,,
323,/wiki/Ikushina_Shrine,Ikushina Shrine,,
324,/wiki/Maebashi_T%C5%8Dsh%C5%8D-g%C5%AB,Maebashi Tōshō-gū,,
325,/wiki/Nakanotake_Shrine,Nakanotake Shrine,,
326,/wiki/Nukisaki_Shrine,Nukisaki Shrine,,
327,/wiki/Serada_T%C5%8Dsh%C5%8D-g%C5%AB,Serada Tōshō-gū,,
328,/w/index.php?title=S%C5%8Dja_Shrine_(Maebashi)&action=edit&redlink=1,Sōja Shrine (Maebashi) (page does not exist),,
329,https://ja.wikipedia.org/wiki/%E7%B7%8F%E7%A4%BE%E7%A5%9E%E7%A4%BE_(%E5%89%8D%E6%A9%8B%E5%B8%82),ja:総社神社 (前橋市),,
330,/w/index.php?title=List_of_Shinto_shrines_in_Japan&action=edit&section=13,Edit section: Saitama,,
331,/wiki/Arahata_Fuji_Shrine,Arahata Fuji Shrine,,
332,/wiki/Chichibu_Shrine,Chichibu Shrine,,
333,/wiki/Hatogamine_Hachiman_Shrine,Hatogamine Hachiman Shrine,,
334,/w/index.php?title=Hodosan_Shrine&action=edit&redlink=1,Hodosan Shrine (page does not exist),,
335,https://ja.wikipedia.org/wiki/%E5%AF%B3%E7%99%BB%E5%B1%B1%E7%A5%9E%E7%A4%BE,ja:寳登山神社,,
336,/wiki/Hikawa_Shrine_(Kawagoe),Hikawa Shrine (Kawagoe),,
337,/wiki/Hikawa_Shrine_(Saitama),Hikawa Shrine (Saitama),,
338,/wiki/Kanasana_Shrine,Kanasana Shrine,,
339,/wiki/Koma_Shrine,Koma Shrine,,
340,/w/index.php?title=Mitsumine_Shrine&action=edit&redlink=1,Mitsumine Shrine (page does not exist),,
341,https://ja.wikipedia.org/wiki/%E4%B8%89%E5%B3%AF%E7%A5%9E%E7%A4%BE,ja:三峯神社,,
342,/wiki/Oshi_T%C5%8Dsh%C5%8D-g%C5%AB,Oshi Tōshō-gū,,
343,/wiki/Senba_T%C5%8Dsh%C5%8D-g%C5%AB,Senba Tōshō-gū,,
344,/wiki/Tokorozawa_Shinmei_Shrine,Tokorozawa Shinmei Shrine,,
345,/w/index.php?title=Yakyu_Inari_Shrine&action=edit&redlink=1,Yakyu Inari Shrine (page does not exist),,
346,https://ja.wikipedia.org/wiki/%E7%AE%AD%E5%BC%93%E7%A8%B2%E8%8D%B7%E7%A5%9E%E7%A4%BE_(%E6%9D%B1%E6%9D%BE%E5%B1%B1%E5%B8%82),ja:箭弓稲荷神社 (東松山市),,
347,/wiki/Washinomiya_Shrine,Washinomiya Shrine,,
348,/w/index.php?title=List_of_Shinto_shrines_in_Japan&action=edit&section=14,Edit section: Chiba,,
349,/wiki/Awa_Shrine,Awa Shrine,,
350,/wiki/Chiba_Shrine,Chiba Shrine,,
351,/w/index.php?title=Chiba_Gokoku_Shrine&action=edit&redlink=1,Chiba Gokoku Shrine (page does not exist),,
352,https://ja.wikipedia.org/wiki/%E5%8D%83%E8%91%89%E7%B8%A3%E8%AD%B7%E5%9C%8B%E7%A5%9E%E7%A4%BE,ja:千葉縣護國神社,,
353,/wiki/Funabashi_Shrine,Funabashi Shrine,,
354,/wiki/Katori_Shrine,Katori Shrine,,
355,/wiki/Komikado_Shrine,Komikado Shrine,,
356,/wiki/%C5%8Chi_Shrine,Ōhi Shrine,,
357,/wiki/Susaki_Shrine,Susaki Shrine,,
358,/wiki/Tamasaki_Shrine,Tamasaki Shrine,,
359,/wiki/Towatari_Shrine,Towatari Shrine,,
360,/wiki/Tsutsumori_Shrine,Tsutsumori Shrine,,
361,/wiki/Y%C5%8Dkaichiba_T%C5%8Dsh%C5%8D-g%C5%AB,Yōkaichiba Tōshō-gū,,
362,/w/index.php?title=Rokusho_Shrine_(Tateyama)&action=edit&redlink=1,Rokusho Shrine (Tateyama) (page does not exist),,
363,https://ja.wikipedia.org/wiki/%E5%85%AD%E6%89%80%E7%A5%9E%E7%A4%BE_(%E9%A4%A8%E5%B1%B1%E5%B8%82),ja:六所神社 (館山市),,
364,/w/index.php?title=Tsuruya_Hachiman_Shrine&action=edit&redlink=1,Tsuruya Hachiman Shrine (page does not exist),,
365,https://ja.wikipedia.org/wiki/%E9%B6%B4%E8%B0%B7%E5%85%AB%E5%B9%A1%E5%AE%AE,ja:鶴谷八幡宮,,
366,/w/index.php?title=Iigaoka_Hachimangu&action=edit&redlink=1,Iigaoka Hachimangu (page does not exist),,
367,https://ja.wikipedia.org/wiki/%E9%A3%AF%E9%A6%99%E5%B2%A1%E5%85%AB%E5%B9%A1%E5%AE%AE,ja:飯香岡八幡宮,,
368,/w/index.php?title=Rokusho_Shrine_(Ichikawa)&action=edit&redlink=1,Rokusho Shrine (Ichikawa) (page does not exist),,
369,https://ja.wikipedia.org/wiki/%E5%85%AD%E6%89%80%E7%A5%9E%E7%A4%BE_(%E5%B8%82%E5%B7%9D%E5%B8%82),ja:六所神社 (市川市),,
370,/w/index.php?title=List_of_Shinto_shrines_in_Japan&action=edit&section=15,Edit section: Tokyo,,
371,/wiki/Asakusa_Shrine,Asakusa Shrine,,
372,/wiki/Atago_Shrine_(Tokyo),Atago Shrine (Tokyo),,
373,/wiki/Hanazono_Shrine,Hanazono Shrine,,
374,/wiki/Hie_Shrine,Hie Shrine,,
375,/wiki/Hikawa_Shrine_(Tokyo),Hikawa Shrine (Tokyo),,
376,/wiki/Kanda_Shrine,Kanda Shrine,,
377,/wiki/Kume_no_Heinai-d%C5%8D,Kume no Heinai-dō,,
378,/wiki/Meiji_Shrine,Meiji Shrine,,
379,/wiki/Namiyoke_Inari_Shrine,Namiyoke Inari Shrine,,
380,/wiki/Nezu_Shrine,Nezu Shrine,,
381,/wiki/Nogi_Shrine_(Tokyo),Nogi Shrine (Tokyo),,
382,/wiki/Oji_Shrine,Oji Shrine,,
383,/wiki/Okunitama_Shrine,Okunitama Shrine,,
384,/wiki/%C5%8Cmiya_Hachiman_Shrine_(Tokyo),Ōmiya Hachiman Shrine (Tokyo),,
385,/wiki/Sh%C5%8Din_shrine,Shōin shrine,,
386,/wiki/Suiten-g%C5%AB_(Tokyo),Suiten-gū (Tokyo),,
387,/wiki/Three_Palace_Sanctuaries,Three Palace Sanctuaries,,
388,/wiki/Kokyo,Kokyo,,
389,/wiki/Tokyo_Daijingu,Tokyo Daijingu,,
390,/w/index.php?title=Tsukudo_Shrine&action=edit&redlink=1,Tsukudo Shrine (page does not exist),,
391,https://ja.wikipedia.org/wiki/%E7%AF%89%E5%9C%9F%E7%A5%9E%E7%A4%BE,ja:築土神社,,
392,/wiki/Togo_Shrine,Togo Shrine,,
393,/w/index.php?title=Toyokawa_Inari_Tokyo&action=edit&redlink=1,Toyokawa Inari Tokyo (page does not exist),,
394,https://ja.wikipedia.org/wiki/%E8%B1%8A%E5%B7%9D%E7%A8%B2%E8%8D%B7%E6%9D%B1%E4%BA%AC%E5%88%A5%E9%99%A2,ja:豊川稲荷東京別院,,
395,/wiki/Yasukuni_Shrine,Yasukuni Shrine,,
396,/wiki/Yushima_Tenmang%C5%AB,Yushima Tenmangū,,
397,/w/index.php?title=Igusa_Hachimangu&action=edit&redlink=1,Igusa Hachimangu (page does not exist),,
398,https://ja.wikipedia.org/wiki/%E4%BA%95%E8%8D%89%E5%85%AB%E5%B9%A1%E5%AE%AE,ja:井草八幡宮,,
399,/wiki/%C5%8Ckunitama_Shrine,Ōkunitama Shrine,,
400,/wiki/Nitta_Shrine_(%C5%8Cta_City),Nitta Shrine (Ōta City),,
401,/w/index.php?title=List_of_Shinto_shrines_in_Japan&action=edit&section=16,Edit section: Kanagawa,,
402,/wiki/Egara_Tenjin_Shrine,Egara Tenjin Shrine,,
403,/wiki/Enoshima_Shrine,Enoshima Shrine,,
404,/w/index.php?title=Oyama_Aburi_Shrine&action=edit&redlink=1,Oyama Aburi Shrine (page does not exist),,
405,https://ja.wikipedia.org/wiki/%E5%A4%A7%E5%B1%B1%E9%98%BF%E5%A4%AB%E5%88%A9%E7%A5%9E%E7%A4%BE,ja:大山阿夫利神社,,
406,/wiki/Hakone_Shrine,Hakone Shrine,,
407,/wiki/H%C5%8Dtoku_Ninomiya_Shrine,Hōtoku Ninomiya Shrine,,
408,/wiki/Kamakura-g%C5%AB,Kamakura-gū,,
409,/wiki/Samukawa_Shrine,Samukawa Shrine,,
410,/wiki/Tsurugaoka_Hachiman_Shrine,Tsurugaoka Hachiman Shrine,,
411,/w/index.php?title=Iseyama_Kotaijingu&action=edit&redlink=1,Iseyama Kotaijingu (page does not exist),,
412,https://ja.wikipedia.org/wiki/%E4%BC%8A%E5%8B%A2%E5%B1%B1%E7%9A%87%E5%A4%A7%E7%A5%9E%E5%AE%AE,ja:伊勢山皇大神宮,,
413,/w/index.php?title=Hiratsuka_Hachimangu&action=edit&redlink=1,Hiratsuka Hachimangu (page does not exist),,
414,https://ja.wikipedia.org/wiki/%E5%B9%B3%E5%A1%9A%E5%85%AB%E5%B9%A1%E5%AE%AE,ja:平塚八幡宮,,
415,/w/index.php?title=Inage_Shrine&action=edit&redlink=1,Inage Shrine (page does not exist),,
416,https://ja.wikipedia.org/wiki/%E7%A8%B2%E6%AF%9B%E7%A5%9E%E7%A4%BE,ja:稲毛神社,,
417,/w/index.php?title=Rokusho_Shrine_(%C5%8Ciso)&action=edit&redlink=1,Rokusho Shrine (Ōiso) (page does not exist),,
418,https://ja.wikipedia.org/wiki/%E5%85%AD%E6%89%80%E7%A5%9E%E7%A4%BE_(%E5%A4%A7%E7%A3%AF%E7%94%BA),ja:六所神社 (大磯町),,
419,/w/index.php?title=List_of_Shinto_shrines_in_Japan&action=edit&section=17,Edit section: Shin'etsu and Hokuriku,,
420,/w/index.php?title=List_of_Shinto_shrines_in_Japan&action=edit&section=18,Edit section: Niigata,,
421,/wiki/Amatsu_Shrine,Amatsu Shrine,,
422,#cite_note-1,,,
423,/wiki/Kota_Shrine_(Niigata),Kota Shrine (Niigata),,
424,#cite_note-kotodamayama-2,,,
425,/wiki/Watatsu_Shrine,Watatsu Shrine,,
426,#cite_note-niigata_ichinomiya-3,,,
427,/wiki/Yahiko_Shrine,Yahiko Shrine,,
428,#cite_note-4,,,
429,/w/index.php?title=Niigata_Gokoku_Shrine&action=edit&redlink=1,Niigata Gokoku Shrine (page does not exist),,
430,https://ja.wikipedia.org/wiki/%E6%96%B0%E6%BD%9F%E7%B8%A3%E8%AD%B7%E5%9C%8B%E7%A5%9E%E7%A4%BE,ja:新潟縣護國神社,,
431,/w/index.php?title=Hakusan_Shrine&action=edit&redlink=1,Hakusan Shrine (page does not exist),,
432,https://ja.wikipedia.org/wiki/%E7%99%BD%E5%B1%B1%E7%A5%9E%E7%A4%BE_(%E6%96%B0%E6%BD%9F%E5%B8%82%E4%B8%AD%E5%A4%AE%E5%8C%BA%E4%B8%80%E7%95%AA%E5%A0%80%E9%80%9A%E7%94%BA),ja:白山神社 (新潟市中央区一番堀通町),,
433,/w/index.php?title=Fuch%C5%AB_Hachiman-g%C5%AB&action=edit&redlink=1,Fuchū Hachiman-gū (page does not exist),,
434,https://ja.wikipedia.org/wiki/%E5%BA%9C%E4%B8%AD%E5%85%AB%E5%B9%A1%E5%AE%AE_(%E4%B8%8A%E8%B6%8A%E5%B8%82),ja:府中八幡宮 (上越市),,
435,/w/index.php?title=S%C5%8Dsha_Shrine_(Sado)&action=edit&redlink=1,Sōsha Shrine (Sado) (page does not exist),,
436,https://ja.wikipedia.org/wiki/%E7%B7%8F%E7%A4%BE%E7%A5%9E%E7%A4%BE_(%E4%BD%90%E6%B8%A1%E5%B8%82),ja:総社神社 (佐渡市),,
437,/w/index.php?title=List_of_Shinto_shrines_in_Japan&action=edit&section=19,Edit section: Toyama,,
438,/wiki/Imizu_Shrine,Imizu Shrine,,
439,/wiki/Oyama_Shrine_(Tateyama),Oyama Shrine (Tateyama),,
440,/wiki/Takase_Shrine,Takase Shrine,,
441,/wiki/Toyamaken_Gokoku_Shrine,Toyamaken Gokoku Shrine,,
442,/w/index.php?title=Toyama_Chukyoin&action=edit&redlink=1,Toyama Chukyoin (page does not exist),,
443,https://ja.wikipedia.org/wiki/%E5%AF%8C%E5%B1%B1%E4%B8%AD%E6%95%99%E9%99%A2,ja:富山中教院,,
444,https://simple.wikipedia.org/wiki/Toyama_Chukyoin,simple:Toyama Chukyoin,,
445,/w/index.php?title=Hie_Shrine_(Toyama)&action=edit&redlink=1,Hie Shrine (Toyama) (page does not exist),,
446,https://ja.wikipedia.org/wiki/%E6%97%A5%E6%9E%9D%E7%A5%9E%E7%A4%BE_(%E5%AF%8C%E5%B1%B1%E5%B8%82),ja:日枝神社 (富山市),,
447,/w/index.php?title=List_of_Shinto_shrines_in_Japan&action=edit&section=20,Edit section: Ishikawa,,
448,/wiki/Keta_Taisha,Keta Taisha,,
449,/w/index.php?title=Onominato_Shrine&action=edit&redlink=1,Onominato Shrine (page does not exist),,
450,https://ja.wikipedia.org/wiki/%E5%A4%A7%E9%87%8E%E6%B9%8A%E7%A5%9E%E7%A4%BE,ja:大野湊神社,,
451,/wiki/Oyama_Shrine_(Ishikawa),Oyama Shrine (Ishikawa),,
452,/wiki/Shirayama_Hime_Shrine,Shirayama Hime Shrine,,
453,/w/index.php?title=Sugo_Ishibe_Shrine&action=edit&redlink=1,Sugo Ishibe Shrine (page does not exist),,
454,https://ja.wikipedia.org/wiki/%E8%8F%85%E7%94%9F%E7%9F%B3%E9%83%A8%E7%A5%9E%E7%A4%BE,ja:菅生石部神社,,
455,/w/index.php?title=Ishikawa_Gokoku_Shrine&action=edit&redlink=1,Ishikawa Gokoku Shrine (page does not exist),,
456,https://ja.wikipedia.org/wiki/%E7%9F%B3%E5%B7%9D%E8%AD%B7%E5%9B%BD%E7%A5%9E%E7%A4%BE,ja:石川護国神社,,
457,/w/index.php?title=Isobe_Shrine&action=edit&redlink=1,Isobe Shrine (page does not exist),,
458,https://ja.wikipedia.org/wiki/%E7%9F%B3%E9%83%A8%E7%A5%9E%E7%A4%BE_(%E5%B0%8F%E6%9D%BE%E5%B8%82),ja:石部神社 (小松市),,
459,/w/index.php?title=S%C5%8Dsha_(Nanao)&action=edit&redlink=1,Sōsha (Nanao) (page does not exist),,
460,https://ja.wikipedia.org/wiki/%E7%B7%8F%E7%A4%BE_(%E4%B8%83%E5%B0%BE%E5%B8%82),ja:総社 (七尾市),,
461,/w/index.php?title=List_of_Shinto_shrines_in_Japan&action=edit&section=21,Edit section: Fukui,,
462,/wiki/Fujishima_Shrine,Fujishima Shrine,,
463,/wiki/Kanegasaki-g%C5%AB,Kanegasaki-gū,,
464,/wiki/Kehi_Shrine,Kehi Shrine,,
465,/wiki/%C5%8Cshio_Hachiman_Shrine,Ōshio Hachiman Shrine,,
466,/wiki/Wakasahiko_Shrine,Wakasahiko Shrine,,
467,/w/index.php?title=Tsurugi_Shrine&action=edit&redlink=1,Tsurugi Shrine (page does not exist),,
468,https://ja.wikipedia.org/wiki/%E5%8A%94%E7%A5%9E%E7%A4%BE,ja:劔神社,,
469,/w/index.php?title=Fukui_Shrine&action=edit&redlink=1,Fukui Shrine (page does not exist),,
470,https://ja.wikipedia.org/wiki/%E7%A6%8F%E4%BA%95%E7%A5%9E%E7%A4%BE,ja:福井神社,,
471,/w/index.php?title=Shinmei_Shrine_(Fukui_City)&action=edit&redlink=1,Shinmei Shrine (Fukui City) (page does not exist),,
472,https://ja.wikipedia.org/wiki/%E7%A5%9E%E6%98%8E%E7%A5%9E%E7%A4%BE_(%E7%A6%8F%E4%BA%95%E5%B8%82),ja:神明神社 (福井市),,
473,/w/index.php?title=Fukui_Gokoku_Shrine&action=edit&redlink=1,Fukui Gokoku Shrine (page does not exist),,
474,https://ja.wikipedia.org/wiki/%E7%A6%8F%E4%BA%95%E7%9C%8C%E8%AD%B7%E5%9B%BD%E7%A5%9E%E7%A4%BE,ja:福井県護国神社,,
475,/w/index.php?title=S%C5%8D_Shrine_(Obama)&action=edit&redlink=1,Sō Shrine (Obama) (page does not exist),,
476,https://ja.wikipedia.org/wiki/%E7%B7%8F%E7%A5%9E%E7%A4%BE_(%E5%B0%8F%E6%B5%9C%E5%B8%82),ja:総神社 (小浜市),,
477,/w/index.php?title=S%C5%8Dja_Daijing%C5%AB&action=edit&redlink=1,Sōja Daijingū (page does not exist),,
478,https://ja.wikipedia.org/wiki/%E7%B7%8F%E7%A4%BE%E5%A4%A7%E7%A5%9E%E5%AE%AE,ja:総社大神宮,,
479,/w/index.php?title=List_of_Shinto_shrines_in_Japan&action=edit&section=22,Edit section: Tōkai,,
480,/w/index.php?title=List_of_Shinto_shrines_in_Japan&action=edit&section=23,Edit section: Yamanashi,,
481,/wiki/Ichinomiya_Asama_Shrine_(Fuefuki),Ichinomiya Asama Shrine (Fuefuki),,
482,/w/index.php?title=Kitaguchi_Hongu_Fuji_Asama_Shrine&action=edit&redlink=1,Kitaguchi Hongu Fuji Asama Shrine (page does not exist),,
483,https://ja.wikipedia.org/wiki/%E5%8C%97%E5%8F%A3%E6%9C%AC%E5%AE%AE%E5%86%A8%E5%A3%AB%E6%B5%85%E9%96%93%E7%A5%9E%E7%A4%BE,ja:北口本宮冨士浅間神社,,
484,/w/index.php?title=Fuji_Omuro_Asama_Shrine&action=edit&redlink=1,Fuji Omuro Asama Shrine (page does not exist),,
485,https://ja.wikipedia.org/wiki/%E5%86%A8%E5%A3%AB%E5%BE%A1%E5%AE%A4%E6%B5%85%E9%96%93%E7%A5%9E%E7%A4%BE,ja:冨士御室浅間神社,,
486,/wiki/Takeda_Shrine,Takeda Shrine,,
487,/w/index.php?title=Fuji_Yamashitamiya_Komuro_Asama_Shrine&action=edit&redlink=1,Fuji Yamashitamiya Komuro Asama Shrine (page does not exist),,
488,https://ja.wikipedia.org/wiki/%E5%86%A8%E5%A3%AB%E5%B1%B1%E4%B8%8B%E5%AE%AE%E5%B0%8F%E5%AE%A4%E6%B5%85%E9%96%93%E7%A5%9E%E7%A4%BE,ja:冨士山下宮小室浅間神社,,
489,/w/index.php?title=Yamanashi_Gokoku_Shrine&action=edit&redlink=1,Yamanashi Gokoku Shrine (page does not exist),,
490,https://ja.wikipedia.org/wiki/%E5%B1%B1%E6%A2%A8%E7%B8%A3%E8%AD%B7%E5%9C%8B%E7%A5%9E%E7%A4%BE,ja:山梨縣護國神社,,
491,/w/index.php?title=Kaina_Shrine&action=edit&redlink=1,Kaina Shrine (page does not exist),,
492,https://ja.wikipedia.org/wiki/%E7%94%B2%E6%96%90%E5%A5%88%E7%A5%9E%E7%A4%BE,ja:甲斐奈神社,,
493,/w/index.php?title=Miyamae-cho_Hachimangu&action=edit&redlink=1,Miyamae-cho Hachimangu (page does not exist),,
494,https://ja.wikipedia.org/wiki/%E5%85%AB%E5%B9%A1%E7%A5%9E%E7%A4%BE_(%E7%94%B2%E5%BA%9C%E5%B8%82%E5%AE%AE%E5%89%8D%E7%94%BA),ja:八幡神社 (甲府市宮前町),,
495,/w/index.php?title=List_of_Shinto_shrines_in_Japan&action=edit&section=24,Edit section: Nagano,,
496,/wiki/Suwa_Taisha,Suwa Taisha,,
497,/wiki/Ikushimatarushima_Shrine,Ikushimatarushima Shrine,,
498,/wiki/Togakushi_Shrine,Togakushi Shrine,,
499,/wiki/Hotaka_Shrine,Hotaka Shrine,,
500,/w/index.php?title=Nagano_Gokoku_Shrine&action=edit&redlink=1,Nagano Gokoku Shrine (page does not exist),,
501,https://ja.wikipedia.org/wiki/%E9%95%B7%E9%87%8E%E7%B8%A3%E8%AD%B7%E5%9C%8B%E7%A5%9E%E7%A4%BE,ja:長野縣護國神社,,
502,/w/index.php?title=Yohashira_Shrine&action=edit&redlink=1,Yohashira Shrine (page does not exist),,
503,https://ja.wikipedia.org/wiki/%E5%9B%9B%E6%9F%B1%E7%A5%9E%E7%A4%BE,ja:四柱神社,,
504,/w/index.php?title=Fukashi_Shrine&action=edit&redlink=1,Fukashi Shrine (page does not exist),,
505,https://ja.wikipedia.org/wiki/%E6%B7%B1%E5%BF%97%E7%A5%9E%E7%A4%BE,ja:深志神社,,
506,/w/index.php?title=Tenaga_Shrine&action=edit&redlink=1,Tenaga Shrine (page does not exist),,
507,https://ja.wikipedia.org/wiki/%E6%89%8B%E9%95%B7%E7%A5%9E%E7%A4%BE,ja:手長神社,,
508,/w/index.php?title=Takemizuwake_Shrine&action=edit&redlink=1,Takemizuwake Shrine (page does not exist),,
509,https://ja.wikipedia.org/wiki/%E6%AD%A6%E6%B0%B4%E5%88%A5%E7%A5%9E%E7%A4%BE,ja:武水別神社,,
510,/w/index.php?title=Nyakuichi_Ouji_Shrine&action=edit&redlink=1,Nyakuichi Ouji Shrine (page does not exist),,
511,https://ja.wikipedia.org/wiki/%E8%8B%A5%E4%B8%80%E7%8E%8B%E5%AD%90%E7%A5%9E%E7%A4%BE,ja:若一王子神社,,
512,/w/index.php?title=Shinano_Omiya_Shrine&action=edit&redlink=1,Shinano Omiya Shrine (page does not exist),,
513,https://ja.wikipedia.org/wiki/%E7%A7%91%E9%87%8E%E5%A4%A7%E5%AE%AE%E7%A4%BE,ja:科野大宮社,,
514,/w/index.php?title=Iwa_Shrine_(Matsumoto)&action=edit&redlink=1,Iwa Shrine (Matsumoto) (page does not exist),,
515,https://ja.wikipedia.org/wiki/%E4%BC%8A%E5%92%8C%E7%A5%9E%E7%A4%BE_(%E6%9D%BE%E6%9C%AC%E5%B8%82),ja:伊和神社 (松本市),,
516,/wiki/Togakushi_Shrine,Togakushi Shrine,,
517,/w/index.php?title=List_of_Shinto_shrines_in_Japan&action=edit&section=25,Edit section: Gifu,,
518,/wiki/Inaba_Shrine,Inaba Shrine,,
519,/wiki/Keta_Wakamiya_Shrine,Keta Wakamiya Shrine,,
520,/wiki/Minashi_Shrine,Minashi Shrine,,
521,/wiki/Nang%C5%AB_Taisha,Nangū Taisha,,
522,/wiki/Y%C5%8Dr%C5%8D_Shrine,Yōrō Shrine,,
523,/wiki/Gifu_Gokoku_Shrine,Gifu Gokoku Shrine,,
524,/wiki/Hida_Gokoku_Shrine,Hida Gokoku Shrine,,
525,/wiki/N%C5%8Dhi_Gokoku_Shrine,Nōhi Gokoku Shrine,,
526,/w/index.php?title=Sakurayama_Hachimangu&action=edit&redlink=1,Sakurayama Hachimangu (page does not exist),,
527,https://ja.wikipedia.org/wiki/%E6%A1%9C%E5%B1%B1%E5%85%AB%E5%B9%A1%E5%AE%AE,ja:桜山八幡宮,,
528,/wiki/Nang%C5%AB_Otabi_Shrine,Nangū Otabi Shrine,,
529,/w/index.php?title=Hida_S%C5%8Dja&action=edit&redlink=1,Hida Sōja (page does not exist),,
530,https://ja.wikipedia.org/wiki/%E9%A3%9B%E9%A8%A8%E7%B7%8F%E7%A4%BE,ja:飛騨総社,,
531,/w/index.php?title=Iijima_Hachimangu&action=edit&redlink=1,Iijima Hachimangu (page does not exist),,
532,https://ja.wikipedia.org/wiki/%E9%A3%AF%E5%B3%B6%E5%85%AB%E5%B9%A1%E7%A5%9E%E7%A4%BE,ja:飯島八幡神社,,
533,/w/index.php?title=Shirakawa_Hachimangu&action=edit&redlink=1,Shirakawa Hachimangu (page does not exist),,
534,https://ja.wikipedia.org/wiki/%E7%99%BD%E5%B7%9D%E5%85%AB%E5%B9%A1%E7%A5%9E%E7%A4%BE,ja:白川八幡神社,,
535,/w/index.php?title=List_of_Shinto_shrines_in_Japan&action=edit&section=26,Edit section: Shizuoka,,
536,/wiki/Fujisan_Hong%C5%AB_Sengen_Taisha,Fujisan Hongū Sengen Taisha,,
537,/wiki/Iinoya-g%C5%AB,Iinoya-gū,,
538,/wiki/Mishima_Taisha,Mishima Taisha,,
539,/wiki/Shizuoka_Sengen_Shrine,Shizuoka Sengen Shrine,,
540,/wiki/Iinoya-g%C5%AB,Iinoya-gū,,
541,/wiki/Oguni_shrine,Oguni shrine,,
542,/wiki/Shizuoka_Sengen_Shrine,Shizuoka Sengen Shrine,,
543,/wiki/Izusan_Shrine,Izusan Shrine,,
544,/wiki/Kun%C5%8Dzan_T%C5%8Dsh%C5%8D-g%C5%AB,Kunōzan Tōshō-gū,,
545,/wiki/Akihasan_Hong%C5%AB_Akiha_Shrine,Akihasan Hongū Akiha Shrine,,
546,/w/index.php?title=Shirahama_Shrine&action=edit&redlink=1,Shirahama Shrine (page does not exist),,
547,https://ja.wikipedia.org/wiki/%E4%BC%8A%E5%8F%A4%E5%A5%88%E6%AF%94%E5%92%A9%E5%91%BD%E7%A5%9E%E7%A4%BE,ja:伊古奈比咩命神社,,
548,/w/index.php?title=Shizuokaken_Gokoku_Shrine&action=edit&redlink=1,Shizuokaken Gokoku Shrine (page does not exist),,
549,https://ja.wikipedia.org/wiki/%E9%9D%9C%E5%B2%A1%E7%B8%A3%E8%AD%B7%E5%9C%8B%E7%A5%9E%E7%A4%BE,ja:靜岡縣護國神社,,
550,/wiki/Yaizu_Shrine,Yaizu Shrine,,
551,/w/index.php?title=Oi_Shrine&action=edit&redlink=1,Oi Shrine (page does not exist),,
552,https://ja.wikipedia.org/wiki/%E5%A4%A7%E4%BA%95%E7%A5%9E%E7%A4%BE_(%E5%B3%B6%E7%94%B0%E5%B8%82),ja:大井神社 (島田市),,
553,/w/index.php?title=Gosha_Suwa_Shrine&action=edit&redlink=1,Gosha Suwa Shrine (page does not exist),,
554,https://ja.wikipedia.org/wiki/%E4%BA%94%E7%A4%BE%E7%A5%9E%E7%A4%BE%E3%83%BB%E8%AB%8F%E8%A8%AA%E7%A5%9E%E7%A4%BE,ja:五社神社・諏訪神社,,
555,https://fr.wikipedia.org/wiki/Gosha_Suwa_Shrine,fr:Gosha Suwa Shrine,,
556,/w/index.php?title=Kinomiya_Shrine&action=edit&redlink=1,Kinomiya Shrine (page does not exist),,
557,https://ja.wikipedia.org/wiki/%E6%9D%A5%E5%AE%AE%E7%A5%9E%E7%A4%BE,ja:来宮神社,,
558,/w/index.php?title=Fuji_Rokusho_Sengen_Shrine&action=edit&redlink=1,Fuji Rokusho Sengen Shrine (page does not exist),,
559,https://ja.wikipedia.org/wiki/%E5%AF%8C%E7%9F%A5%E5%85%AD%E6%89%80%E6%B7%BA%E9%96%93%E7%A5%9E%E7%A4%BE,ja:富知六所淺間神社,,
560,/w/index.php?title=%C5%8Cmikunitama_Shrine&action=edit&redlink=1,Ōmikunitama Shrine (page does not exist),,
561,https://ja.wikipedia.org/wiki/%E6%B7%A1%E6%B5%B7%E5%9C%8B%E7%8E%89%E7%A5%9E%E7%A4%BE,ja:淡海國玉神社,,
562,/wiki/Shizuoka_Sengen_Shrine,Shizuoka Sengen Shrine,,
563,/wiki/Mishima_Taisha,Mishima Taisha,,
564,/w/index.php?title=List_of_Shinto_shrines_in_Japan&action=edit&section=27,Edit section: Aichi,,
565,/wiki/Aichi_Prefecture_Gokoku_Shrine,Aichi Prefecture Gokoku Shrine,,
566,/wiki/Atsuta_Shrine,Atsuta Shrine,,
567,/wiki/Masumida_Shrine,Masumida Shrine,,
568,/wiki/%C5%8Cagata_Shrine,Ōagata Shrine,,
569,/wiki/Rokusho_Shrine_(Okazaki),Rokusho Shrine (Okazaki),,
570,/wiki/Tsushima_Shrine,Tsushima Shrine,,
571,/wiki/Tagata_Shrine,Tagata Shrine,,
572,/wiki/Toga_Shrine,Toga Shrine,,
573,/wiki/Owari_%C5%8Ckunitama_Shrine,Owari Ōkunitama Shrine,,
574,/wiki/Aichi_Prefecture_Gokoku_Shrine,Aichi Prefecture Gokoku Shrine,,
575,/wiki/Wakamiya_Hachiman_Shrine,Wakamiya Hachiman Shrine,,
576,/w/index.php?title=Chiryu_Shrine&action=edit&redlink=1,Chiryu Shrine (page does not exist),,
577,https://ja.wikipedia.org/wiki/%E7%9F%A5%E7%AB%8B%E7%A5%9E%E7%A4%BE,ja:知立神社,,
578,/wiki/Owari_%C5%8Ckunitama_Shrine,Owari Ōkunitama Shrine,,
579,/w/index.php?title=Mikawa_S%C5%8Dja&action=edit&redlink=1,Mikawa Sōja (page does not exist),,
580,https://ja.wikipedia.org/wiki/%E5%9B%BD%E5%BA%9C%E7%94%BA_(%E6%84%9B%E7%9F%A5%E7%9C%8C)#三河総社,ja:国府町 (愛知県),,
581,/wiki/Toyokawa_Inari_Shrine,Toyokawa Inari Shrine,,
582,/wiki/Nagakusa_Tenjin_Shrine,Nagakusa Tenjin Shrine,,
583,/w/index.php?title=List_of_Shinto_shrines_in_Japan&action=edit&section=28,Edit section: Kinki,,
584,/w/index.php?title=List_of_Shinto_shrines_in_Japan&action=edit&section=29,Edit section: Mie,,
585,/wiki/Ise_Shrine,Ise Shrine,,
586,/wiki/Kitabatake_Shrine,Kitabatake Shrine,,
587,/wiki/Tado_Shrine,Tado Shrine,,
588,/wiki/Tsubaki_Grand_Shrine,Tsubaki Grand Shrine,,
589,/wiki/Y%C5%ABki_Shrine,Yūki Shrine,,
590,/wiki/Aekuni_Shrine,Aekuni Shrine,,
591,/w/index.php?title=Mie_Prefecture_Gokoku_Shrine&action=edit&redlink=1,Mie Prefecture Gokoku Shrine (page does not exist),,
592,https://ja.wikipedia.org/wiki/%E4%B8%89%E9%87%8D%E7%9C%8C%E8%AD%B7%E5%9B%BD%E7%A5%9E%E7%A4%BE,ja:三重県護国神社,,
593,/wiki/Sarutahiko_Shrine,Sarutahiko Shrine,,
594,/wiki/Futami_Okitama_Shrine,Futami Okitama Shrine,,
595,/w/index.php?title=Inatomi_Shrine&action=edit&redlink=1,Inatomi Shrine (page does not exist),,
596,https://ja.wikipedia.org/wiki/%E4%BC%8A%E5%A5%88%E5%86%A8%E7%A5%9E%E7%A4%BE,ja:伊奈冨神社,,
597,/w/index.php?title=Miyake_Shrine&action=edit&redlink=1,Miyake Shrine (page does not exist),,
598,https://ja.wikipedia.org/wiki/%E4%B8%89%E5%AE%85%E7%A5%9E%E7%A4%BE_(%E9%88%B4%E9%B9%BF%E5%B8%82%E5%9B%BD%E5%BA%9C%E7%94%BA),ja:三宅神社 (鈴鹿市国府町),,
599,/w/index.php?title=Kokufu_Shrine&action=edit&redlink=1,Kokufu Shrine (page does not exist),,
600,https://ja.wikipedia.org/wiki/%E5%9B%BD%E5%BA%9C%E7%A5%9E%E7%A4%BE,ja:国府神社,,
601,/w/index.php?title=List_of_Shinto_shrines_in_Japan&action=edit&section=30,Edit section: Shiga,,
602,/wiki/Hiyoshi_Taisha,Hiyoshi Taisha,,
603,/wiki/Omi_Shrine,Omi Shrine,,
604,/wiki/Taga_Taisha,Taga Taisha,,
605,/wiki/Takebe_Taisha,Takebe Taisha,,
606,/wiki/Tsukubusuma_Shrine,Tsukubusuma Shrine,,
607,/wiki/Mikami_Shrine,Mikami Shrine,,
608,/wiki/Himure_Hachiman-g%C5%AB,Himure Hachiman-gū,,
609,/w/index.php?title=Aga_Shrine&action=edit&redlink=1,Aga Shrine (page does not exist),,
610,https://ja.wikipedia.org/wiki/%E9%98%BF%E8%B3%80%E7%A5%9E%E7%A4%BE,ja:阿賀神社,,
611,/w/index.php?title=Shiga_Prefecture_Gokoku_Shrine&action=edit&redlink=1,Shiga Prefecture Gokoku Shrine (page does not exist),,
612,https://ja.wikipedia.org/wiki/%E6%BB%8B%E8%B3%80%E7%9C%8C%E8%AD%B7%E5%9C%8B%E7%A5%9E%E7%A4%BE,ja:滋賀県護國神社,,
613,/w/index.php?title=Nagahama_Hachimangu&action=edit&redlink=1,Nagahama Hachimangu (page does not exist),,
614,https://ja.wikipedia.org/wiki/%E9%95%B7%E6%B5%9C%E5%85%AB%E5%B9%A1%E5%AE%AE,ja:長浜八幡宮,,
615,/w/index.php?title=List_of_Shinto_shrines_in_Japan&action=edit&section=31,Edit section: Kyoto,,
616,/wiki/Category:Shinto_shrines_in_Kyoto_Prefecture,Category:Shinto shrines in Kyoto Prefecture,,
617,/wiki/Atago_Shrine_(Kyoto),Atago Shrine (Kyoto),,
618,/wiki/Fushimi_Inari-taisha,Fushimi Inari-taisha,,
619,/wiki/Heian_Jingu,Heian Jingu,,
620,/wiki/Hirano_Shrine,Hirano Shrine,,
621,/wiki/Imamiya_Shrine,Imamiya Shrine,,
622,/wiki/Iwashimizu_Shrine,Iwashimizu Shrine,,
623,/wiki/Kamo_Shrine,Kamo Shrine,,
624,/wiki/Kamigamo_Shrine,Kamigamo Shrine,,
625,/wiki/Shimogamo_Shrine,Shimogamo Shrine,,
626,/wiki/Kifune_Shrine,Kifune Shrine,,
627,/wiki/Kitano_Tenmang%C5%AB,Kitano Tenmangū,,
628,/wiki/Kono_Shrine,Kono Shrine,,
629,/wiki/Kyoto_Ryozen_Gokoku_Shrine,Kyoto Ryozen Gokoku Shrine,,
630,/wiki/Matsunoo_Taisha,Matsunoo Taisha,,
631,/wiki/Nishiki_Tenmang%C5%AB,Nishiki Tenmangū,,
632,/wiki/%C5%8Charano_Shrine,Ōharano Shrine,,
633,/wiki/Saginomori_Shrine,Saginomori Shrine,,
634,/wiki/Shiramine_Jing%C5%AB,Shiramine Jingū,,
635,/wiki/Tsukiyomi_Shrine_(Kyoto),Tsukiyomi Shrine (Kyoto),,
636,/wiki/Yasaka_Shrine,Yasaka Shrine,,
637,/wiki/Yoshida_Shrine,Yoshida Shrine,,
638,/wiki/Go%C5%8D_Shrine,Goō Shrine,,
639,/wiki/Toyokuni_Shrine_(Kyoto),Toyokuni Shrine (Kyoto),,
640,/wiki/Umenomiya_Shrine,Umenomiya Shrine,,
641,/w/index.php?title=Nashinoki_Shrine&action=edit&redlink=1,Nashinoki Shrine (page does not exist),,
642,https://ja.wikipedia.org/wiki/%E6%A2%A8%E6%9C%A8%E7%A5%9E%E7%A4%BE,ja:梨木神社,,
643,/wiki/Izumo-daijing%C5%AB,Izumo-daijingū,,
644,/wiki/Kenkun_Shrine,Kenkun Shrine,,
645,/w/index.php?title=S%C5%8D_Shrine_(Nantan)&action=edit&redlink=1,Sō Shrine (Nantan) (page does not exist),,
646,https://ja.wikipedia.org/wiki/%E5%AE%97%E7%A5%9E%E7%A4%BE,ja:宗神社,,
647,/w/index.php?title=Hinumanai_Shrine&action=edit&redlink=1,Hinumanai Shrine (page does not exist),,
648,https://ja.wikipedia.org/wiki/%E6%AF%94%E6%B2%BC%E9%BA%BB%E5%A5%88%E7%82%BA%E7%A5%9E%E7%A4%BE,ja:比沼麻奈為神社,,
649,/w/index.php?title=List_of_Shinto_shrines_in_Japan&action=edit&section=32,Edit section: Osaka,,
650,/wiki/Abeno_Shrine,Abeno Shrine,,
651,/w/index.php?title=Hattori_Tenjin_Shrine&action=edit&redlink=1,Hattori Tenjin Shrine (page does not exist),,
652,https://ja.wikipedia.org/wiki/%E6%9C%8D%E9%83%A8%E5%A4%A9%E7%A5%9E%E5%AE%AE,ja:服部天神宮,,
653,/wiki/Hiraoka_Shrine,Hiraoka Shrine,,
654,/wiki/Ikasuri_Shrine,Ikasuri Shrine,,
655,/wiki/Ikukunitama_Shrine,Ikukunitama Shrine,,
656,/wiki/Imamiya_Ebisu_Shrine,Imamiya Ebisu Shrine,,
657,/wiki/K%C5%8Dzu-g%C5%AB,Kōzu-gū,,
658,/wiki/Minase_Shrine,Minase Shrine,,
659,/wiki/Mitami_Shrine,Mitami Shrine,,
660,/wiki/%C5%8Csaka_Tenmang%C5%AB_Shrine,Ōsaka Tenmangū Shrine,,
661,/wiki/%C5%8Ctori_taisha,Ōtori taisha,,
662,/w/index.php?title=Osaka_Gokoku_Shrine&action=edit&redlink=1,Osaka Gokoku Shrine (page does not exist),,
663,https://ja.wikipedia.org/wiki/%E5%A4%A7%E9%98%AA%E8%AD%B7%E5%9C%8B%E7%A5%9E%E7%A4%BE,ja:大阪護國神社,,
664,/wiki/Sakurai_Shrine_(Sakai),Sakurai Shrine (Sakai),,
665,/wiki/Shij%C5%8Dnawate_Shrine,Shijōnawate Shrine,,
666,/wiki/Sumiyoshi_Taisha,Sumiyoshi Taisha,,
667,/wiki/Tsuboi_Hachimang%C5%AB,Tsuboi Hachimangū,,
668,/wiki/Tsunashiki_Tenjin_Shrine,Tsunashiki Tenjin Shrine,,
669,/w/index.php?title=Shikiagatanushi_Shrine&action=edit&redlink=1,Shikiagatanushi Shrine (page does not exist),,
670,https://ja.wikipedia.org/wiki/%E5%BF%97%E8%B2%B4%E7%9C%8C%E4%B8%BB%E7%A5%9E%E7%A4%BE,ja:志貴県主神社,,
671,/w/index.php?title=Nanba_Shrine&action=edit&redlink=1,Nanba Shrine (page does not exist),,
672,https://ja.wikipedia.org/wiki/%E9%9B%A3%E6%B3%A2%E7%A5%9E%E7%A4%BE,ja:難波神社,,
673,https://de.wikipedia.org/wiki/Namba-Schrein,de:Namba-Schrein,,
674,https://fr.wikipedia.org/wiki/Namba-Shrine,fr:Namba-Shrine,,
675,/w/index.php?title=Izumi_Inoue_Shrine&action=edit&redlink=1,Izumi Inoue Shrine (page does not exist),,
676,https://ja.wikipedia.org/wiki/%E6%B3%89%E4%BA%95%E4%B8%8A%E7%A5%9E%E7%A4%BE,ja:泉井上神社,,
677,/w/index.php?title=Onji_Shrine&action=edit&redlink=1,Onji Shrine (page does not exist),,
678,https://ja.wikipedia.org/wiki/%E6%81%A9%E6%99%BA%E7%A5%9E%E7%A4%BE,ja:恩智神社,,
679,/w/index.php?title=List_of_Shinto_shrines_in_Japan&action=edit&section=33,Edit section: Hyōgo,,
680,/wiki/Izanagi_Shrine,Izanagi Shrine,,
681,/wiki/Hirota_Shrine,Hirota Shrine,,
682,/wiki/Ikuta_Shrine,Ikuta Shrine,,
683,/wiki/Izushi_Shrine,Izushi Shrine,,
684,/wiki/Koshikiiwa_Shrine,Koshikiiwa Shrine,,
685,/wiki/Mefu_Shrine,Mefu Shrine,,
686,/wiki/Minatogawa_Shrine,Minatogawa Shrine,,
687,/wiki/Nagata_Shrine,Nagata Shrine,,
688,/wiki/Nishinomiya_Shrine,Nishinomiya Shrine,,
689,/wiki/Moto-Sumiyoshi_Shrine,Moto-Sumiyoshi Shrine,,
690,/wiki/Watatsumi_Shrine_(Kobe),Watatsumi Shrine (Kobe),,
691,/wiki/Iwa_Shrine,Iwa Shrine,,
692,/wiki/Itatehy%C5%8Dzu_Shrine,Itatehyōzu Shrine,,
693,/wiki/Hiromine_Shrine,Hiromine Shrine,,
694,/wiki/Oishi_Shrine,Oishi Shrine,,
695,/wiki/Tada_Shrine,Tada Shrine,,
696,/w/index.php?title=Hyogo_Himeji_Gokoku_Shrine&action=edit&redlink=1,Hyogo Himeji Gokoku Shrine (page does not exist),,
697,https://ja.wikipedia.org/wiki/%E5%85%B5%E5%BA%AB%E7%B8%A3%E5%A7%AB%E8%B7%AF%E8%AD%B7%E5%9C%8B%E7%A5%9E%E7%A4%BE,ja:兵庫縣姫路護國神社,,
698,/w/index.php?title=Hyogo_Prefecture_Kobe_Gokoku_Shrine&action=edit&redlink=1,Hyogo Prefecture Kobe Gokoku Shrine (page does not exist),,
699,https://ja.wikipedia.org/wiki/%E5%85%B5%E5%BA%AB%E7%B8%A3%E7%A5%9E%E6%88%B8%E8%AD%B7%E5%9C%8B%E7%A5%9E%E7%A4%BE,ja:兵庫縣神戸護國神社,,
700,/w/index.php?title=Keta_Shrine_(Toyooka)&action=edit&redlink=1,Keta Shrine (Toyooka) (page does not exist),,
701,https://ja.wikipedia.org/wiki/%E6%B0%97%E5%A4%9A%E7%A5%9E%E7%A4%BE_(%E8%B1%8A%E5%B2%A1%E5%B8%82),ja:気多神社 (豊岡市),,
702,/w/index.php?title=J%C5%ABichimy%C5%8Djin_Shrine&action=edit&redlink=1,Jūichimyōjin Shrine (page does not exist),,
703,https://ja.wikipedia.org/wiki/%E5%8D%81%E4%B8%80%E6%98%8E%E7%A5%9E%E7%A5%9E%E7%A4%BE,ja:十一明神神社,,
704,/w/index.php?title=List_of_Shinto_shrines_in_Japan&action=edit&section=34,Edit section: Nara,,
705,/wiki/Himuro_Shrine,Himuro Shrine,,
706,/wiki/Ikoma_Shrine,Ikoma Shrine,,
707,/wiki/Isonokami_Jingu,Isonokami Jingu,,
708,/wiki/Kashihara_Jingu,Kashihara Jingu,,
709,/wiki/Kasuga-taisha,Kasuga-taisha,,
710,/wiki/%C5%8Cmiwa_Shrine,Ōmiwa Shrine,,
711,/wiki/Tamukeyama_Hachiman_Shrine,Tamukeyama Hachiman Shrine,,
712,/wiki/Yoshino_Mikumari_Shrine,Yoshino Mikumari Shrine,,
713,/wiki/%C5%8Cyamato_Shrine,Ōyamato Shrine,,
714,/wiki/Hirose_Shrine,Hirose Shrine,,
715,/wiki/Niukawakami_Shrine,Niukawakami Shrine,,
716,/wiki/Niukawakami_Upper_Shrine,Niukawakami Upper Shrine,,
717,/wiki/Niukawakami_Lower_Shrine,Niukawakami Lower Shrine,,
718,/wiki/Tatsuta_Shrine,Tatsuta Shrine,,
719,/wiki/Tanzan_Shrine,Tanzan Shrine,,
720,/w/index.php?title=Isonozatakumushitama_Shrine&action=edit&redlink=1,Isonozatakumushitama Shrine (page does not exist),,
721,https://ja.wikipedia.org/wiki/%E7%9F%B3%E5%9C%92%E5%BA%A7%E5%A4%9A%E4%B9%85%E8%99%AB%E7%8E%89%E7%A5%9E%E7%A4%BE,ja:石園座多久虫玉神社,,
722,/w/index.php?title=Nara_Gokoku_Shrine&action=edit&redlink=1,Nara Gokoku Shrine (page does not exist),,
723,https://ja.wikipedia.org/wiki/%E5%A5%88%E8%89%AF%E7%9C%8C%E8%AD%B7%E5%9B%BD%E7%A5%9E%E7%A4%BE,ja:奈良県護国神社,,
724,/w/index.php?title=List_of_Shinto_shrines_in_Japan&action=edit&section=35,Edit section: Wakayama,,
725,/wiki/Hinokuma_Shrine,Hinokuma Shrine,,
726,/wiki/Kamayama_Shrine,Kamayama Shrine,,
727,/wiki/Kumano_Three_Shrines,Kumano Three Shrines,,
728,/wiki/Kumano_Hayatama_Taisha,Kumano Hayatama Taisha,,
729,/wiki/Kumano_Hong%C5%AB_Taisha,Kumano Hongū Taisha,,
730,/wiki/Kumano_Nachi_Taisha,Kumano Nachi Taisha,,
731,/wiki/Niutsuhime_Shrine,Niutsuhime Shrine,,
732,/wiki/Itakiso_Shrine,Itakiso Shrine,,
733,/w/index.php?title=Tokei_Shrine&action=edit&redlink=1,Tokei Shrine (page does not exist),,
734,https://ja.wikipedia.org/wiki/%E9%AC%AA%E9%9B%9E%E7%A5%9E%E7%A4%BE,ja:鬪雞神社,,
735,/w/index.php?title=Fumori_Shrine&action=edit&redlink=1,Fumori Shrine (page does not exist),,
736,https://ja.wikipedia.org/wiki/%E5%BA%9C%E5%AE%88%E7%A5%9E%E7%A4%BE,ja:府守神社,,
737,/w/index.php?title=List_of_Shinto_shrines_in_Japan&action=edit&section=36,Edit section: Chūgoku,,
738,/w/index.php?title=List_of_Shinto_shrines_in_Japan&action=edit&section=37,Edit section: Tottori,,
739,/wiki/Shitori_Shrine,Shitori Shrine,,
740,/wiki/Ube_shrine,Ube shrine,,
741,/wiki/Nawa_Shrine,Nawa Shrine,,
742,/wiki/%C5%8Cgamiyama_Shrine,Ōgamiyama Shrine,,
743,/w/index.php?title=Kokuch%C5%8Dri_Shrine&action=edit&redlink=1,Kokuchōri Shrine (page does not exist),,
744,https://ja.wikipedia.org/wiki/%E5%9B%BD%E5%BA%81%E8%A3%8F%E7%A5%9E%E7%A4%BE,ja:国庁裏神社,,
745,/w/index.php?title=List_of_Shinto_shrines_in_Japan&action=edit&section=38,Edit section: Shimane,,
746,/wiki/Hinomisaki_Shrine,Hinomisaki Shrine,,
747,/wiki/Miho_Shrine,Miho Shrine,,
748,/wiki/Yaegaki_Shrine,Yaegaki Shrine,,
749,/wiki/Izumo_Taisha,Izumo Taisha,,
750,/wiki/Kumano_Taisha,Kumano Taisha,,
751,/wiki/Susa_Shrine,Susa Shrine,,
752,/wiki/Mizuwakasu_Shrine,Mizuwakasu Shrine,,
753,/wiki/Mononobe_Shrine,Mononobe Shrine,,
754,/wiki/Sada_Shrine,Sada Shrine,,
755,/w/index.php?title=Hirahama_Hachimangu&action=edit&redlink=1,Hirahama Hachimangu (page does not exist),,
756,https://ja.wikipedia.org/wiki/%E5%B9%B3%E6%BF%B1%E5%85%AB%E5%B9%A1%E5%AE%AE,ja:平濱八幡宮,,
757,/w/index.php?title=Taikodani_Inari_Shrine&action=edit&redlink=1,Taikodani Inari Shrine (page does not exist),,
758,https://ja.wikipedia.org/wiki/%E5%A4%AA%E7%9A%B7%E8%B0%B7%E7%A8%B2%E6%88%90%E7%A5%9E%E7%A4%BE,ja:太皷谷稲成神社,,
759,/w/index.php?title=Matsue_Gokoku_Shrine&action=edit&redlink=1,Matsue Gokoku Shrine (page does not exist),,
760,https://ja.wikipedia.org/wiki/%E6%9D%BE%E6%B1%9F%E8%AD%B7%E5%9C%8B%E7%A5%9E%E7%A4%BE,ja:松江護國神社,,
761,/wiki/Hamada_Gokoku_Shrine,Hamada Gokoku Shrine,,
762,/w/index.php?title=Rokusho_Shrine_(Matsue)&action=edit&redlink=1,Rokusho Shrine (Matsue) (page does not exist),,
763,https://ja.wikipedia.org/wiki/%E5%85%AD%E6%89%80%E7%A5%9E%E7%A4%BE_(%E6%9D%BE%E6%B1%9F%E5%B8%82),ja:六所神社 (松江市),,
764,/w/index.php?title=Ikan_Shrine&action=edit&redlink=1,Ikan Shrine (page does not exist),,
765,https://ja.wikipedia.org/wiki/%E4%BC%8A%E7%94%98%E7%A5%9E%E7%A4%BE,ja:伊甘神社,,
766,/w/index.php?title=Tamawakasumikoto_Shrine&action=edit&redlink=1,Tamawakasumikoto Shrine (page does not exist),,
767,https://ja.wikipedia.org/wiki/%E7%8E%89%E8%8B%A5%E9%85%A2%E5%91%BD%E7%A5%9E%E7%A4%BE,ja:玉若酢命神社,,
768,/wiki/Araki_Shrine,Araki Shrine,,
769,/w/index.php?title=Suga-jinja&action=edit&redlink=1,Suga-jinja (page does not exist),,
770,https://ja.wikipedia.org/wiki/%E9%A0%88%E6%88%91%E7%A5%9E%E7%A4%BE,ja:須我神社,,
771,/w/index.php?title=List_of_Shinto_shrines_in_Japan&action=edit&section=39,Edit section: Okayama,,
772,/wiki/Kibitsu_Shrine_(Bitch%C5%AB),Kibitsu Shrine (Bitchū),,
773,/wiki/Kibitsuhiko_Shrine,Kibitsuhiko Shrine,,
774,/wiki/Nakayama_Shrine,Nakayama Shrine,,
775,/w/index.php?title=Saijo_Inari&action=edit&redlink=1,Saijo Inari (page does not exist),,
776,https://ja.wikipedia.org/wiki/%E6%9C%80%E4%B8%8A%E7%A8%B2%E8%8D%B7,ja:最上稲荷,,
777,/w/index.php?title=Shiro_Shrine&action=edit&redlink=1,Shiro Shrine (page does not exist),,
778,https://ja.wikipedia.org/wiki/%E5%BF%97%E5%91%82%E7%A5%9E%E7%A4%BE,ja:志呂神社,,
779,/w/index.php?title=Tsurusaki_Shrine&action=edit&redlink=1,Tsurusaki Shrine (page does not exist),,
780,https://ja.wikipedia.org/wiki/%E9%B6%B4%E5%B4%8E%E7%A5%9E%E7%A4%BE_(%E6%97%A9%E5%B3%B6%E7%94%BA),ja:鶴崎神社 (早島町),,
781,/w/index.php?title=Yuga_Shrine&action=edit&redlink=1,Yuga Shrine (page does not exist),,
782,https://ja.wikipedia.org/wiki/%E7%94%B1%E5%8A%A0%E7%A5%9E%E7%A4%BE%E6%9C%AC%E5%AE%AE,ja:由加神社本宮,,
783,/w/index.php?title=Okayama_Gokoku_Shrine&action=edit&redlink=1,Okayama Gokoku Shrine (page does not exist),,
784,https://ja.wikipedia.org/wiki/%E5%B2%A1%E5%B1%B1%E7%9C%8C%E8%AD%B7%E5%9B%BD%E7%A5%9E%E7%A4%BE,ja:岡山県護国神社,,
785,/wiki/Ani_Shrine,Ani Shrine,,
786,/w/index.php?title=Mimasaka_S%C5%8Dja-g%C5%AB&action=edit&redlink=1,Mimasaka Sōja-gū (page does not exist),,
787,https://ja.wikipedia.org/wiki/%E7%BE%8E%E4%BD%9C%E7%B7%8F%E7%A4%BE%E5%AE%AE,ja:美作総社宮,,
788,/w/index.php?title=Bizen-no-Kuni_S%C5%8Djag%C5%AB&action=edit&redlink=1,Bizen-no-Kuni Sōjagū (page does not exist),,
789,https://sv.wikipedia.org/wiki/Bizen-no-Kuni_S%C5%8Djag%C5%AB,sv:Bizen-no-Kuni Sōjagū,,
790,https://ja.wikipedia.org/wiki/%E5%82%99%E5%89%8D%E5%9B%BD%E7%B7%8F%E7%A4%BE%E5%AE%AE,ja:備前国総社宮,,
791,/w/index.php?title=Bitch%C5%AB-no-kuni_S%C5%8Dja-g%C5%AB&action=edit&redlink=1,Bitchū-no-kuni Sōja-gū (page does not exist),,
792,https://ja.wikipedia.org/wiki/%E5%82%99%E4%B8%AD%E5%9B%BD%E7%B7%8F%E7%A4%BE%E5%AE%AE,ja:備中国総社宮,,
793,/w/index.php?title=List_of_Shinto_shrines_in_Japan&action=edit&section=40,Edit section: Hiroshima,,
794,/wiki/Fukuyama_Hachimang%C5%AB,Fukuyama Hachimangū,,
795,/wiki/Hiroshima_Gokoku_Shrine,Hiroshima Gokoku Shrine,,
796,/wiki/Itsukushima_Shrine,Itsukushima Shrine,,
797,/w/index.php?title=Sakakiyama_Shrine&action=edit&redlink=1,Sakakiyama Shrine (page does not exist),,
798,https://ja.wikipedia.org/wiki/%E6%A6%8A%E5%B1%B1%E7%A5%9E%E7%A4%BE,ja:榊山神社,,
799,/wiki/Hayatani_Shrine,Hayatani Shrine,,
800,/wiki/Nunakuma_Shrine,Nunakuma Shrine,,
801,/w/index.php?title=Kameyama_Shrine&action=edit&redlink=1,Kameyama Shrine (page does not exist),,
802,https://ja.wikipedia.org/wiki/%E4%BA%80%E5%B1%B1%E7%A5%9E%E7%A4%BE_(%E5%91%89%E5%B8%82%E6%B8%85%E6%B0%B4),ja:亀山神社 (呉市清水),,
803,/w/index.php?title=Hijiyama_Shrine&action=edit&redlink=1,Hijiyama Shrine (page does not exist),,
804,https://ja.wikipedia.org/wiki/%E6%AF%94%E6%B2%BB%E5%B1%B1%E7%A5%9E%E7%A4%BE,ja:比治山神社,,
805,/wiki/Bingo_Gokoku_Shrine,Bingo Gokoku Shrine,,
806,"/w/index.php?title=Ono_Shrine_(Fuchu_City,_Hiroshima_Prefecture)&action=edit&redlink=1","Ono Shrine (Fuchu City, Hiroshima Prefecture) (page does not exist)",,
807,https://ja.wikipedia.org/wiki/%E5%B0%8F%E9%87%8E%E7%A5%9E%E7%A4%BE_(%E5%BA%83%E5%B3%B6%E7%9C%8C%E5%BA%9C%E4%B8%AD%E5%B8%82),ja:小野神社 (広島県府中市),,
808,/wiki/Take_Shrine,Take Shrine,,
809,/w/index.php?title=List_of_Shinto_shrines_in_Japan&action=edit&section=41,Edit section: Yamaguchi,,
810,/wiki/Akama_Shrine,Akama Shrine,,
811,/wiki/Sumiyoshi_Shrine_(Shimonoseki),Sumiyoshi Shrine (Shimonoseki),,
812,/w/index.php?title=Hikoshima_Hachimangu&action=edit&redlink=1,Hikoshima Hachimangu (page does not exist),,
813,https://ja.wikipedia.org/wiki/%E5%BD%A6%E5%B3%B6%E5%85%AB%E5%B9%A1%E5%AE%AE,ja:彦島八幡宮,,
814,/wiki/Kameyama_Hachimang%C5%AB,Kameyama Hachimangū,,
815,/w/index.php?title=Yamaguchi_Prefecture_Gokoku_Shrine&action=edit&redlink=1,Yamaguchi Prefecture Gokoku Shrine (page does not exist),,
816,https://ja.wikipedia.org/wiki/%E5%B1%B1%E5%8F%A3%E7%9C%8C%E8%AD%B7%E5%9B%BD%E7%A5%9E%E7%A4%BE,ja:山口県護国神社,,
817,/w/index.php?title=Toyosaka_and_Noda_Shrines&action=edit&redlink=1,Toyosaka and Noda Shrines (page does not exist),,
818,https://ja.wikipedia.org/wiki/%E8%B1%8A%E6%A6%AE%E7%A5%9E%E7%A4%BE%E3%83%BB%E9%87%8E%E7%94%B0%E7%A5%9E%E7%A4%BE,ja:豊榮神社・野田神社,,
819,/w/index.php?title=Toyosaka_and_Noda_Shrines&action=edit&redlink=1,Toyosaka and Noda Shrines (page does not exist),,
820,https://ja.wikipedia.org/wiki/%E8%B1%8A%E6%A6%AE%E7%A5%9E%E7%A4%BE%E3%83%BB%E9%87%8E%E7%94%B0%E7%A5%9E%E7%A4%BE,ja:豊榮神社・野田神社,,
821,/wiki/Tamanooya_Shrine,Tamanooya Shrine,,
822,/wiki/Iminomiya_Shrine,Iminomiya Shrine,,
823,/wiki/H%C5%8Dfu_Tenmang%C5%AB,Hōfu Tenmangū,,
824,/w/index.php?title=Kotozaki_Hachimangu&action=edit&redlink=1,Kotozaki Hachimangu (page does not exist),,
825,https://ja.wikipedia.org/wiki/%E7%90%B4%E5%B4%8E%E5%85%AB%E5%B9%A1%E5%AE%AE,ja:琴崎八幡宮,,
826,/w/index.php?title=Saba_Shrine&action=edit&redlink=1,Saba Shrine (page does not exist),,
827,https://ja.wikipedia.org/wiki/%E4%BD%90%E6%B3%A2%E7%A5%9E%E7%A4%BE_(%E9%98%B2%E5%BA%9C%E5%B8%82),ja:佐波神社 (防府市),,
828,/w/index.php?title=Wakamiya_Shrine&action=edit&redlink=1,Wakamiya Shrine (page does not exist),,
829,https://ja.wikipedia.org/wiki/%E8%8B%A5%E5%AE%AE%E7%A5%9E%E7%A4%BE_(%E4%B8%8B%E9%96%A2%E5%B8%82),ja:若宮神社 (下関市),,
830,/w/index.php?title=List_of_Shinto_shrines_in_Japan&action=edit&section=42,Edit section: Shikoku,,
831,/w/index.php?title=List_of_Shinto_shrines_in_Japan&action=edit&section=43,Edit section: Tokushima,,
832,/wiki/Inbe_Shrine,Inbe Shrine,,
833,/wiki/%C5%8Casahiko_Shrine,Ōasahiko Shrine,,
834,/w/index.php?title=Tsunomine_Shrine&action=edit&redlink=1,Tsunomine Shrine (page does not exist),,
835,https://ja.wikipedia.org/wiki/%E6%B4%A5%E5%B3%AF%E7%A5%9E%E7%A4%BE,ja:津峯神社,,
836,/w/index.php?title=Tokushima_Gokoku_Shrine&action=edit&redlink=1,Tokushima Gokoku Shrine (page does not exist),,
837,https://ja.wikipedia.org/wiki/%E5%BE%B3%E5%B3%B6%E7%B8%A3%E8%AD%B7%E5%9C%8B%E7%A5%9E%E7%A4%BE,ja:徳島縣護國神社,,
838,/w/index.php?title=Hachiman_S%C5%8Dsha_Ryo_Shrine&action=edit&redlink=1,Hachiman Sōsha Ryo Shrine (page does not exist),,
839,https://ja.wikipedia.org/wiki/%E5%85%AB%E5%B9%A1%E7%B7%8F%E7%A4%BE%E4%B8%A1%E7%A5%9E%E7%A4%BE,ja:八幡総社両神社,,
840,/w/index.php?title=Omiwa_Shrine_(Tokushima)&action=edit&redlink=1,Omiwa Shrine (Tokushima) (page does not exist),,
841,https://ja.wikipedia.org/wiki/%E5%A4%A7%E5%BE%A1%E5%92%8C%E7%A5%9E%E7%A4%BE,ja:大御和神社,,
842,/w/index.php?title=List_of_Shinto_shrines_in_Japan&action=edit&section=44,Edit section: Kagawa,,
843,/wiki/Tamura_Shrine,Tamura Shrine,,
844,/wiki/Kotohira-g%C5%AB,Kotohira-gū,,
845,/w/index.php?title=Kagawa_Gokoku_Shrine&action=edit&redlink=1,Kagawa Gokoku Shrine (page does not exist),,
846,https://ja.wikipedia.org/wiki/%E9%A6%99%E5%B7%9D%E7%B8%A3%E8%AD%B7%E5%9C%8B%E7%A5%9E%E7%A4%BE,ja:香川縣護國神社,,
847,/w/index.php?title=S%C5%8Dja_Shrine_(Sakide)&action=edit&redlink=1,Sōja Shrine (Sakide) (page does not exist),,
848,https://ja.wikipedia.org/wiki/%E7%B7%8F%E7%A4%BE%E7%A5%9E%E7%A4%BE_(%E5%9D%82%E5%87%BA%E5%B8%82),ja:総社神社 (坂出市),,
849,/w/index.php?title=List_of_Shinto_shrines_in_Japan&action=edit&section=45,Edit section: Ehime,,
850,/wiki/Isaniwa_Shrine,Isaniwa Shrine,,
851,/wiki/Isono_Shrine,Isono Shrine,,
852,/w/index.php?title=Ishizuchi_Shrine&action=edit&redlink=1,Ishizuchi Shrine (page does not exist),,
853,https://ja.wikipedia.org/wiki/%E7%9F%B3%E9%8E%9A%E7%A5%9E%E7%A4%BE,ja:石鎚神社,,
854,/w/index.php?title=Izumo_Taisha_Matsuyama_Shrine&action=edit&redlink=1,Izumo Taisha Matsuyama Shrine (page does not exist),,
855,https://ja.wikipedia.org/wiki/%E5%87%BA%E9%9B%B2%E5%A4%A7%E7%A4%BE%E6%9D%BE%E5%B1%B1%E5%88%86%E7%A5%A0,ja:出雲大社松山分祠,,
856,/wiki/Mishima_Shrine,Mishima Shrine,,
857,/wiki/Taga_Shrine,Taga Shrine,,
858,/w/index.php?title=Yu_Shrine&action=edit&redlink=1,Yu Shrine (page does not exist),,
859,https://ja.wikipedia.org/wiki/%E6%B9%AF%E7%A5%9E%E7%A4%BE,ja:湯神社,,
860,/wiki/%C5%8Cyamazumi_Shrine,Ōyamazumi Shrine,,
861,/w/index.php?title=Warei_Shrine&action=edit&redlink=1,Warei Shrine (page does not exist),,
862,https://ja.wikipedia.org/wiki/%E5%92%8C%E9%9C%8A%E7%A5%9E%E7%A4%BE,ja:和霊神社,,
863,/w/index.php?title=Iyozu_Hikomei_Shrine&action=edit&redlink=1,Iyozu Hikomei Shrine (page does not exist),,
864,https://ja.wikipedia.org/wiki/%E4%BC%8A%E8%B1%AB%E8%B1%86%E6%AF%94%E5%8F%A4%E5%91%BD%E7%A5%9E%E7%A4%BE,ja:伊豫豆比古命神社,,
865,/w/index.php?title=Ehime_Prefecture_Gokoku_Shrine&action=edit&redlink=1,Ehime Prefecture Gokoku Shrine (page does not exist),,
866,https://ja.wikipedia.org/wiki/%E6%84%9B%E5%AA%9B%E7%B8%A3%E8%AD%B7%E5%9C%8B%E7%A5%9E%E7%A4%BE,ja:愛媛縣護國神社,,
867,/w/index.php?title=Ikanashi_Shrine&action=edit&redlink=1,Ikanashi Shrine (page does not exist),,
868,https://ja.wikipedia.org/wiki/%E4%BC%8A%E5%8A%A0%E5%A5%88%E5%BF%97%E7%A5%9E%E7%A4%BE,ja:伊加奈志神社,,
869,/w/index.php?title=List_of_Shinto_shrines_in_Japan&action=edit&section=46,Edit section: Kōchi,,
870,/wiki/Tosa_Shrine,Tosa Shrine,,
871,/w/index.php?title=Ushioe_Tenmangu_shrine&action=edit&redlink=1,Ushioe Tenmangu shrine (page does not exist),,
872,https://ja.wikipedia.org/wiki/%E6%BD%AE%E6%B1%9F%E5%A4%A9%E6%BA%80%E5%AE%AE,ja:潮江天満宮,,
873,/w/index.php?title=Kochi_Gokoku_Shrine&action=edit&redlink=1,Kochi Gokoku Shrine (page does not exist),,
874,https://ja.wikipedia.org/wiki/%E9%AB%98%E7%9F%A5%E7%B8%A3%E8%AD%B7%E5%9C%8B%E7%A5%9E%E7%A4%BE,ja:高知縣護國神社,,
875,/w/index.php?title=Yamauchi_Shrine&action=edit&redlink=1,Yamauchi Shrine (page does not exist),,
876,https://ja.wikipedia.org/wiki/%E5%B1%B1%E5%86%85%E7%A5%9E%E7%A4%BE,ja:山内神社,,
877,/wiki/Tosa_Kokubun-ji,Tosa Kokubun-ji,,
878,/w/index.php?title=List_of_Shinto_shrines_in_Japan&action=edit&section=47,Edit section: Kyūshū and Okinawa,,
879,/w/index.php?title=List_of_Shinto_shrines_in_Japan&action=edit&section=48,Edit section: Fukuoka,,
880,/wiki/Dazaifu_Tenmang%C5%AB,Dazaifu Tenmangū,,
881,/wiki/Furogu_Shrine,Furogu Shrine,,
882,/wiki/Hakozaki_Shrine,Hakozaki Shrine,,
883,/wiki/Hikosan_Jing%C5%AB,Hikosan Jingū,,
884,/w/index.php?title=Itouzu_Hachiman_Shrine&action=edit&redlink=1,Itouzu Hachiman Shrine (page does not exist),,
885,https://ja.wikipedia.org/wiki/%E5%88%B0%E6%B4%A5%E5%85%AB%E5%B9%A1%E7%A5%9E%E7%A4%BE,ja:到津八幡神社,,
886,/wiki/Kamado_Shrine,Kamado Shrine,,
887,/wiki/Kashii-g%C5%AB,Kashii-gū,,
888,/wiki/K%C5%8Dra_taisha,Kōra taisha,,
889,/w/index.php?title=Kosou_Hachimangu&action=edit&redlink=1,Kosou Hachimangu (page does not exist),,
890,https://ja.wikipedia.org/wiki/%E7%94%B2%E5%AE%97%E5%85%AB%E5%B9%A1%E7%A5%9E%E7%A4%BE,ja:甲宗八幡神社,,
891,/wiki/Kurume_Suitengu,Kurume Suitengu,,
892,/wiki/Kushida_Shrine_(Fukuoka),Kushida Shrine (Fukuoka),,
893,/wiki/Mekari_Shrine,Mekari Shrine,,
894,/wiki/Miyajidake_Shrine,Miyajidake Shrine,,
895,/wiki/Munakata_Taisha,Munakata Taisha,,
896,/w/index.php?title=Mioya_Shrine&action=edit&redlink=1,Mioya Shrine (page does not exist),,
897,https://ja.wikipedia.org/wiki/%E5%BE%A1%E7%A5%96%E7%A5%9E%E7%A4%BE,ja:御祖神社,,
898,/w/index.php?title=Noso_Hachimangu&action=edit&redlink=1,Noso Hachimangu (page does not exist),,
899,https://ja.wikipedia.org/wiki/%E6%9B%A9%E7%A5%96%E5%85%AB%E5%B9%A1%E5%AE%AE,ja:曩祖八幡宮,,
900,/w/index.php?title=Otomi_Shrine&action=edit&redlink=1,Otomi Shrine (page does not exist),,
901,https://ja.wikipedia.org/wiki/%E5%A4%A7%E5%AF%8C%E7%A5%9E%E7%A4%BE,ja:大富神社,,
902,/wiki/Shikaumi_Shrine,Shikaumi Shrine,,
903,/w/index.php?title=Sugawara_Shrine&action=edit&redlink=1,Sugawara Shrine (page does not exist),,
904,https://ja.wikipedia.org/wiki/%E8%8F%85%E5%8E%9F%E7%A5%9E%E7%A4%BE_(%E5%8C%97%E4%B9%9D%E5%B7%9E%E5%B8%82%E5%B0%8F%E5%80%89%E5%8C%97%E5%8C%BA),ja:菅原神社 (北九州市小倉北区),,
905,/wiki/Sumiyoshi_Shrine_(Fukuoka),Sumiyoshi Shrine (Fukuoka),,
906,/w/index.php?title=Takami_Shrine&action=edit&redlink=1,Takami Shrine (page does not exist),,
907,https://ja.wikipedia.org/wiki/%E9%AB%98%E8%A6%8B%E7%A5%9E%E7%A4%BE,ja:高見神社,,
908,/w/index.php?title=Takasu_Shrine&action=edit&redlink=1,Takasu Shrine (page does not exist),,
909,https://ja.wikipedia.org/wiki/%E9%AB%98%E7%A5%96%E7%A5%9E%E7%A4%BE,ja:高祖神社,,
910,/wiki/Tanabata_Shrine,Tanabata Shrine,,
911,/wiki/Terumo_Shrine,Terumo Shrine,,
912,/w/index.php?title=Tobata_Hachimangu&action=edit&redlink=1,Tobata Hachimangu (page does not exist),,
913,https://ja.wikipedia.org/wiki/%E9%A3%9B%E5%B9%A1%E5%85%AB%E5%B9%A1%E5%AE%AE,ja:飛幡八幡宮,,
914,/w/index.php?title=Tokaebisu_Shrine&action=edit&redlink=1,Tokaebisu Shrine (page does not exist),,
915,https://ja.wikipedia.org/wiki/%E5%8D%81%E6%97%A5%E6%81%B5%E6%AF%94%E9%A0%88%E7%A5%9E%E7%A4%BE,ja:十日恵比須神社,,
916,/wiki/Umi_Hachimangu,Umi Hachimangu,,
917,/w/index.php?title=Wakamatsu_Ebisu_Shrine&action=edit&redlink=1,Wakamatsu Ebisu Shrine (page does not exist),,
918,https://ja.wikipedia.org/wiki/%E8%8B%A5%E6%9D%BE%E6%81%B5%E6%AF%94%E9%A0%88%E7%A5%9E%E7%A4%BE,ja:若松恵比須神社,,
919,/w/index.php?title=Washio_Atago_Shrine&action=edit&redlink=1,Washio Atago Shrine (page does not exist),,
920,https://ja.wikipedia.org/wiki/%E9%B7%B2%E5%B0%BE%E6%84%9B%E5%AE%95%E7%A5%9E%E7%A4%BE,ja:鷲尾愛宕神社,,
921,/w/index.php?title=Fukuoka_Prefecture_Gokoku_Shrine&action=edit&redlink=1,Fukuoka Prefecture Gokoku Shrine (page does not exist),,
922,https://ja.wikipedia.org/wiki/%E7%A6%8F%E5%B2%A1%E7%B8%A3%E8%AD%B7%E5%9C%8B%E7%A5%9E%E7%A4%BE,ja:福岡縣護國神社,,
923,/wiki/K%C5%8Dra_taisha,Kōra taisha,,
924,/w/index.php?title=S%C5%8Dsha_Hachiman-g%C5%AB&action=edit&redlink=1,Sōsha Hachiman-gū (page does not exist),,
925,https://ja.wikipedia.org/wiki/%E6%83%A3%E7%A4%BE%E5%85%AB%E5%B9%A1%E7%A5%9E%E7%A4%BE,ja:惣社八幡神社,,
926,/w/index.php?title=List_of_Shinto_shrines_in_Japan&action=edit&section=49,Edit section: Saga,,
927,/wiki/Araho_Shrine,Araho Shrine,,
928,/wiki/Chiriku_Hachiman_Shrine,Chiriku Hachiman Shrine,,
929,/w/index.php?title=Hoto_Shrine&action=edit&redlink=1,Hoto Shrine (page does not exist),,
930,https://ja.wikipedia.org/wiki/%E5%AE%9D%E5%BD%93%E7%A5%9E%E7%A4%BE,ja:宝当神社,,
931,/w/index.php?title=Ise_Shrine_(Saga)&action=edit&redlink=1,Ise Shrine (Saga) (page does not exist),,
932,https://ja.wikipedia.org/wiki/%E4%BC%8A%E5%8B%A2%E7%A5%9E%E7%A4%BE,ja:伊勢神社,,
933,#cite_note-5,,,
934,/w/index.php?title=Kushidagu&action=edit&redlink=1,Kushidagu (page does not exist),,
935,https://ja.wikipedia.org/wiki/%E6%AB%9B%E7%94%B0%E5%AE%AE,ja:櫛田宮,,
936,/w/index.php?title=Saga_Shrine&action=edit&redlink=1,Saga Shrine (page does not exist),,
937,https://ja.wikipedia.org/wiki/%E4%BD%90%E5%98%89%E7%A5%9E%E7%A4%BE,ja:佐嘉神社,,
938,/wiki/Tashima_Shrine,Tashima Shrine,,
939,/wiki/T%C5%8Dzan_Shrine,Tōzan Shrine,,
940,/wiki/Y%C5%ABtoku_Inari_Shrine,Yūtoku Inari Shrine,,
941,/w/index.php?title=Saga_Gokoku_Shrine&action=edit&redlink=1,Saga Gokoku Shrine (page does not exist),,
942,https://ja.wikipedia.org/wiki/%E4%BD%90%E8%B3%80%E7%B8%A3%E8%AD%B7%E5%9C%8B%E7%A5%9E%E7%A4%BE,ja:佐賀縣護國神社,,
943,/w/index.php?title=List_of_Shinto_shrines_in_Japan&action=edit&section=50,Edit section: Nagasaki,,
944,/wiki/Sanno_Shrine,Sanno Shrine,,
945,/wiki/Suwa_Shrine_(Nagasaki),Suwa Shrine (Nagasaki),,
946,/wiki/Sumiyoshi_Shrine_(Iki_City),Sumiyoshi Shrine (Iki City),,
947,/wiki/Kaijin_Shrine,Kaijin Shrine,,
948,/w/index.php?title=Kameyama_Hachimangu_Shrine&action=edit&redlink=1,Kameyama Hachimangu Shrine (page does not exist),,
949,https://ja.wikipedia.org/wiki/%E4%BA%80%E5%B1%B1%E5%85%AB%E5%B9%A1%E5%AE%AE_(%E4%BD%90%E4%B8%96%E4%BF%9D%E5%B8%82),ja:亀山八幡宮 (佐世保市),,
950,/wiki/Nagasaki_Gokoku_Shrine,Nagasaki Gokoku Shrine,,
951,/w/index.php?title=K%C5%8D_Shrine&action=edit&redlink=1,Kō Shrine (page does not exist),,
952,https://ja.wikipedia.org/wiki/%E8%88%88%E7%A5%9E%E7%A4%BE,ja:興神社,,
953,/w/index.php?title=List_of_Shinto_shrines_in_Japan&action=edit&section=51,Edit section: Kumamoto,,
954,/wiki/Aoi_Aso_Shrine,Aoi Aso Shrine,,
955,/wiki/Aso_Shrine,Aso Shrine,,
956,/wiki/Fujisaki-hachimangu,Fujisaki-hachimangu,,
957,/wiki/Katou_Shrine,Katou Shrine,,
958,/wiki/Kengun_Shrine,Kengun Shrine,,
959,/wiki/Kikuchi_Shrine,Kikuchi Shrine,,
960,/w/index.php?title=Heitate_Shrine&action=edit&redlink=1,Heitate Shrine (page does not exist),,
961,https://ja.wikipedia.org/wiki/%E5%B9%A3%E7%AB%8B%E7%A5%9E%E7%A4%BE,ja:幣立神社,,
962,/w/index.php?title=Hikino_Shrine&action=edit&redlink=1,Hikino Shrine (page does not exist),,
963,https://ja.wikipedia.org/wiki/%E7%96%8B%E9%87%8E%E7%A5%9E%E7%A4%BE,ja:疋野神社,,
964,/wiki/Takahashi_Inari_Shrine,Takahashi Inari Shrine,,
965,/wiki/Yatsushiro-g%C5%AB,Yatsushiro-gū,,
966,/w/index.php?title=Kumamoto_Gokoku_Shrine&action=edit&redlink=1,Kumamoto Gokoku Shrine (page does not exist),,
967,https://ja.wikipedia.org/wiki/%E7%86%8A%E6%9C%AC%E7%9C%8C%E8%AD%B7%E5%9B%BD%E7%A5%9E%E7%A4%BE,ja:熊本県護国神社,,
968,/w/index.php?title=Kitaoka_Shrine&action=edit&redlink=1,Kitaoka Shrine (page does not exist),,
969,https://sv.wikipedia.org/wiki/Kitaoka-Shrine,sv:Kitaoka-Shrine,,
970,https://ja.wikipedia.org/wiki/%E5%8C%97%E5%B2%A1%E7%A5%9E%E7%A4%BE,ja:北岡神社,,
971,/w/index.php?title=List_of_Shinto_shrines_in_Japan&action=edit&section=52,Edit section: Ōita,,
972,/w/index.php?title=Komo_Shrine_(Oita)&action=edit&redlink=1,Komo Shrine (Oita) (page does not exist),,
973,https://ja.wikipedia.org/wiki/%E8%96%A6%E7%A5%9E%E7%A4%BE,ja:薦神社,,
974,/wiki/Usa_Shrine,Usa Shrine,,
975,/wiki/Sasamuta_Shrine,Sasamuta Shrine,,
976,/wiki/Yusuhara_Hachimang%C5%AB,Yusuhara Hachimangū,,
977,/w/index.php?title=Hachiman_Asami_Shrine&action=edit&redlink=1,Hachiman Asami Shrine (page does not exist),,
978,https://ja.wikipedia.org/wiki/%E5%85%AB%E5%B9%A1%E6%9C%9D%E8%A6%8B%E7%A5%9E%E7%A4%BE,ja:八幡朝見神社,,
979,/w/index.php?title=Kasuga_Shrine_(Oita)&action=edit&redlink=1,Kasuga Shrine (Oita) (page does not exist),,
980,https://ja.wikipedia.org/wiki/%E6%98%A5%E6%97%A5%E7%A5%9E%E7%A4%BE_(%E5%A4%A7%E5%88%86%E5%B8%82),ja:春日神社 (大分市),,
981,/w/index.php?title=Oita_Gokoku_Shrine&action=edit&redlink=1,Oita Gokoku Shrine (page does not exist),,
982,https://ja.wikipedia.org/wiki/%E5%A4%A7%E5%88%86%E7%B8%A3%E8%AD%B7%E5%9C%8B%E7%A5%9E%E7%A4%BE,ja:大分縣護國神社,,
983,/w/index.php?title=List_of_Shinto_shrines_in_Japan&action=edit&section=53,Edit section: Miyazaki,,
984,/wiki/Amanoiwato_Shrine,Amanoiwato Shrine,,
985,/wiki/Aoshima_Shrine,Aoshima Shrine,,
986,/wiki/Miyazaki-jing%C5%AB,Miyazaki-jingū,,
987,/wiki/Mikado_Shrine,Mikado Shrine,,
988,/w/index.php?title=Mukabaki_Shrine&action=edit&redlink=1,Mukabaki Shrine (page does not exist),,
989,https://ja.wikipedia.org/wiki/%E8%A1%8C%E7%B8%A2%E7%A5%9E%E7%A4%BE,ja:行縢神社,,
990,/wiki/Takachiho_Shrine,Takachiho Shrine,,
991,/wiki/Tsuno_Shrine,Tsuno Shrine,,
992,/wiki/Udo-jing%C5%AB,Udo-jingū,,
993,/w/index.php?title=Kanhashira-g%C5%AB&action=edit&redlink=1,Kanhashira-gū (page does not exist),,
994,https://ja.wikipedia.org/wiki/%E7%A5%9E%E6%9F%B1%E5%AE%AE,ja:神柱宮,,
995,https://fr.wikipedia.org/wiki/Kanhashira-g%C5%AB,fr:Kanhashira-gū,,
996,/w/index.php?title=Sano_Shrine&action=edit&redlink=1,Sano Shrine (page does not exist),,
997,https://ja.wikipedia.org/wiki/%E7%8B%AD%E9%87%8E%E7%A5%9E%E7%A4%BE,ja:狭野神社,,
998,/w/index.php?title=Miyazaki_Gokoku_Shrine&action=edit&redlink=1,Miyazaki Gokoku Shrine (page does not exist),,
999,https://ja.wikipedia.org/wiki/%E5%AE%AE%E5%B4%8E%E7%B8%A3%E8%AD%B7%E5%9C%8B%E7%A5%9E%E7%A4%BE,ja:宮崎縣護國神社,,
1000,/w/index.php?title=Tsuma_Shrine&action=edit&redlink=1,Tsuma Shrine (page does not exist),,
1001,https://fr.wikipedia.org/wiki/Tsuma-jinja,fr:Tsuma-jinja,,
1002,https://ja.wikipedia.org/wiki/%E9%83%BD%E8%90%AC%E7%A5%9E%E7%A4%BE,ja:都萬神社,,
1003,https://simple.wikipedia.org/wiki/Tsuma_Shrine,simple:Tsuma Shrine,,
1004,/w/index.php?title=List_of_Shinto_shrines_in_Japan&action=edit&section=54,Edit section: Kagoshima,,
1005,/wiki/Hirasaki_Shrine,Hirasaki Shrine,,
1006,/wiki/Kagoshima_Shrine,Kagoshima Shrine,,
1007,/wiki/Terukuni_Shrine,Terukuni Shrine,,
1008,/wiki/Kirishima-Jing%C5%AB,Kirishima-Jingū,,
1009,/wiki/Nitta_Shrine_(Satsumasendai_City),Nitta Shrine (Satsumasendai City),,
1010,/w/index.php?title=Kagoshima_Prefecture_Gokoku_Shrine&action=edit&redlink=1,Kagoshima Prefecture Gokoku Shrine (page does not exist),,
1011,https://ja.wikipedia.org/wiki/%E9%B9%BF%E5%85%90%E5%B3%B6%E7%9C%8C%E8%AD%B7%E5%9B%BD%E7%A5%9E%E7%A4%BE,ja:鹿児島県護国神社,,
1012,/w/index.php?title=Haraido_Shrine&action=edit&redlink=1,Haraido Shrine (page does not exist),,
1013,https://ja.wikipedia.org/wiki/%E7%A5%93%E6%88%B8%E7%A5%9E%E7%A4%BE_(%E9%9C%A7%E5%B3%B6%E5%B8%82),ja:祓戸神社 (霧島市),,
1014,/w/index.php?title=List_of_Shinto_shrines_in_Japan&action=edit&section=55,Edit section: Okinawa,,
1015,/wiki/Naminoue_Shrine,Naminoue Shrine,,
1016,/w/index.php?title=List_of_Shinto_shrines_in_Japan&action=edit&section=56,Edit section: See also,,
1017,/wiki/List_of_Jing%C5%AB,List of Jingū,,
1018,/wiki/List_of_Shinto_shrines_in_Taiwan,List of Shinto shrines in Taiwan,,
1019,/wiki/List_of_Shinto_shrines_in_the_United_States,List of Shinto shrines in the United States,,
1020,/wiki/Nan%27y%C5%8D_Shrine,Nan'yō Shrine,,
1021,/wiki/Palau,Palau,,
1022,/wiki/Chokusaisha,Chokusaisha,,
1023,/wiki/Twenty-Two_Shrines,Twenty-Two Shrines,,
1024,/w/index.php?title=List_of_Shinto_shrines_in_Japan&action=edit&section=57,Edit section: Citations,,
1025,#cite_ref-1,,,
1026,http://www.kotodamaya.com/amatsu-Shrine/,,,
1027,#cite_ref-kotodamayama_2-0,,,
1028,http://www.kotodamaya.com/kota-Shrine/,,,
1029,#cite_ref-niigata_ichinomiya_3-0,,,
1030,http://eos.kokugakuin.ac.jp/modules/xwords/images/uploads/EOS070712Ab.pdf,,,
1031,https://web.archive.org/web/20130517061440/http://eos.kokugakuin.ac.jp/modules/xwords/images/uploads/EOS070712Ab.pdf,,,
1032,/wiki/Wayback_Machine,Wayback Machine,,
1033,#cite_ref-4,,,
1034,http://www.jnto.go.jp/eng/location/spot/shritemp/yahikoShrine.html,,,
1035,#cite_ref-5,,,
1036,https://isejinja.or.jp/,,,
1037,/w/index.php?title=List_of_Shinto_shrines_in_Japan&action=edit&section=58,Edit section: General references,,
1038,/wiki/Richard_Ponsonby-Fane,Richard Ponsonby-Fane,,
1039,https://books.google.com/books?id=tjEvAAAAYAAJ,,,
1040,/wiki/OCLC_(identifier),OCLC (identifier),,
1041,https://www.worldcat.org/oclc/3994492,,,
1042,https://books.google.com/books?id=IGkrAAAAIAAJ,,,
1043,/wiki/OCLC_(identifier),OCLC (identifier),,
1044,https://www.worldcat.org/oclc/36655,,,
1045,https://en.wikipedia.org/w/index.php?title=List_of_Shinto_shrines_in_Japan&oldid=1193827870,,,
1046,/wiki/Help:Category,Help:Category,,
1047,/wiki/Category:Shinto_shrines_in_Japan,Category:Shinto shrines in Japan,,
1048,/wiki/Category:Lists_of_Shinto_shrines,Category:Lists of Shinto shrines,,
1049,/wiki/Category:Lists_of_religious_buildings_and_structures_in_Japan,Category:Lists of religious buildings and structures in Japan,,
1050,/wiki/Category:Webarchive_template_wayback_links,Category:Webarchive template wayback links,,
1051,/wiki/Category:Articles_with_short_description,Category:Articles with short description,,
1052,/wiki/Category:Short_description_is_different_from_Wikidata,Category:Short description is different from Wikidata,,
1053,/wiki/Category:Interlanguage_link_template_existing_link,Category:Interlanguage link template existing link,,
1054,/wiki/Category:Articles_containing_Japanese-language_text,Category:Articles containing Japanese-language text,,
1055,//en.wikipedia.org/wiki/Wikipedia:Text_of_the_Creative_Commons_Attribution-ShareAlike_4.0_International_License,,,
1056,//en.wikipedia.org/wiki/Wikipedia:Text_of_the_Creative_Commons_Attribution-ShareAlike_4.0_International_License,,,
1057,//foundation.wikimedia.org/wiki/Terms_of_Use,,,
1058,//foundation.wikimedia.org/wiki/Privacy_policy,,,
1059,//www.wikimediafoundation.org/,,,
1060,https://foundation.wikimedia.org/wiki/Special:MyLanguage/Policy:Privacy_policy,,,
1061,/wiki/Wikipedia:About,,,
1062,/wiki/Wikipedia:General_disclaimer,,,
1063,//en.wikipedia.org/wiki/Wikipedia:Contact_us,,,
1064,https://foundation.wikimedia.org/wiki/Special:MyLanguage/Policy:Universal_Code_of_Conduct,,,
1065,https://developer.wikimedia.org,,,
1066,https://stats.wikimedia.org/#/en.wikipedia.org,,,
1067,https://foundation.wikimedia.org/wiki/Special:MyLanguage/Policy:Cookie_statement,,,
1068,//en.m.wikipedia.org/w/index.php?title=List_of_Shinto_shrines_in_Japan&mobileaction=toggle_view_mobile,,,
1069,https://wikimediafoundation.org/,,,
1070,https://www.mediawiki.org/,,,
